Workbook

Sheet Annual_Report
A1: م | B1: اسم الموظف | C1: إجمالي الحضور | D1: إجمالي الغياب | E1: إجمالي الإجازات | F1: إجمالي المرضي | I1: طريقة الاستخدام
A2: 1 | C2: =January!AH6+February!AH6+March!AH6+April!AH6+May!AH6+June!AH6+July!AH6+August!AH6+September!AH6+October!AH6+November!AH6+December!AH6 -> 0 | D2: =January!AI6+February!AI6+March!AI6+April!AI6+May!AI6+June!AI6+July!AI6+August!AI6+September!AI6+October!AI6+November!AI6+December!AI6 -> 0 | E2: =January!AJ6+February!AJ6+March!AJ6+April!AJ6+May!AJ6+June!AJ6+July!AJ6+August!AJ6+September!AJ6+October!AJ6+November!AJ6+December!AJ6 -> 0 | F2: =January!AK6+February!AK6+March!AK6+April!AK6+May!AK6+June!AK6+July!AK6+August!AK6+September!AK6+October!AK6+November!AK6+December!AK6 -> 0
A3: 2 | C3: =January!AH7+February!AH7+March!AH7+April!AH7+May!AH7+June!AH7+July!AH7+August!AH7+September!AH7+October!AH7+November!AH7+December!AH7 -> 0 | D3: =January!AI7+February!AI7+March!AI7+April!AI7+May!AI7+June!AI7+July!AI7+August!AI7+September!AI7+October!AI7+November!AI7+December!AI7 -> 0 | E3: =January!AJ7+February!AJ7+March!AJ7+April!AJ7+May!AJ7+June!AJ7+July!AJ7+August!AJ7+September!AJ7+October!AJ7+November!AJ7+December!AJ7 -> 0 | F3: =January!AK7+February!AK7+March!AK7+April!AK7+May!AK7+June!AK7+July!AK7+August!AK7+September!AK7+October!AK7+November!AK7+December!AK7 -> 0 | I3: أسماء الموظفين تكتب مرة واحد فقط في الشيت الأول في عمود اسم الموظف ---- عند الحضور يكتب حرف "ح" وعند الغياب يكتب حرف "غ" و "ج" عند الإجازة و "م" في حالة المرضي ويتم احتساب الأيام تلقائيًا لكل شهر وللسنة كلها في شيت Annual Report وال Dashboard اللي في آخر الشيت
A4: 3 | C4: =January!AH8+February!AH8+March!AH8+April!AH8+May!AH8+June!AH8+July!AH8+August!AH8+September!AH8+October!AH8+November!AH8+December!AH8 -> 0 | D4: =January!AI8+February!AI8+March!AI8+April!AI8+May!AI8+June!AI8+July!AI8+August!AI8+September!AI8+October!AI8+November!AI8+December!AI8 -> 0 | E4: =January!AJ8+February!AJ8+March!AJ8+April!AJ8+May!AJ8+June!AJ8+July!AJ8+August!AJ8+September!AJ8+October!AJ8+November!AJ8+December!AJ8 -> 0 | F4: =January!AK8+February!AK8+March!AK8+April!AK8+May!AK8+June!AK8+July!AK8+August!AK8+September!AK8+October!AK8+November!AK8+December!AK8 -> 0
A5: 4 | C5: =January!AH9+February!AH9+March!AH9+April!AH9+May!AH9+June!AH9+July!AH9+August!AH9+September!AH9+October!AH9+November!AH9+December!AH9 -> 0 | D5: =January!AI9+February!AI9+March!AI9+April!AI9+May!AI9+June!AI9+July!AI9+August!AI9+September!AI9+October!AI9+November!AI9+December!AI9 -> 0 | E5: =January!AJ9+February!AJ9+March!AJ9+April!AJ9+May!AJ9+June!AJ9+July!AJ9+August!AJ9+September!AJ9+October!AJ9+November!AJ9+December!AJ9 -> 0 | F5: =January!AK9+February!AK9+March!AK9+April!AK9+May!AK9+June!AK9+July!AK9+August!AK9+September!AK9+October!AK9+November!AK9+December!AK9 -> 0
A6: 5 | C6: =January!AH10+February!AH10+March!AH10+April!AH10+May!AH10+June!AH10+July!AH10+August!AH10+September!AH10+October!AH10+November!AH10+December!AH10 -> 0 | D6: =January!AI10+February!AI10+March!AI10+April!AI10+May!AI10+June!AI10+July!AI10+August!AI10+September!AI10+October!AI10+November!AI10+December!AI10 -> 0 | E6: =January!AJ10+February!AJ10+March!AJ10+April!AJ10+May!AJ10+June!AJ10+July!AJ10+August!AJ10+September!AJ10+October!AJ10+November!AJ10+December!AJ10 -> 0 | F6: =January!AK10+February!AK10+March!AK10+April!AK10+May!AK10+June!AK10+July!AK10+August!AK10+September!AK10+October!AK10+November!AK10+December!AK10 -> 0
A7: 6 | C7: =January!AH11+February!AH11+March!AH11+April!AH11+May!AH11+June!AH11+July!AH11+August!AH11+September!AH11+October!AH11+November!AH11+December!AH11 -> 0 | D7: =January!AI11+February!AI11+March!AI11+April!AI11+May!AI11+June!AI11+July!AI11+August!AI11+September!AI11+October!AI11+November!AI11+December!AI11 -> 0 | E7: =January!AJ11+February!AJ11+March!AJ11+April!AJ11+May!AJ11+June!AJ11+July!AJ11+August!AJ11+September!AJ11+October!AJ11+November!AJ11+December!AJ11 -> 0 | F7: =January!AK11+February!AK11+March!AK11+April!AK11+May!AK11+June!AK11+July!AK11+August!AK11+September!AK11+October!AK11+November!AK11+December!AK11 -> 0
A8: 7 | C8: =January!AH12+February!AH12+March!AH12+April!AH12+May!AH12+June!AH12+July!AH12+August!AH12+September!AH12+October!AH12+November!AH12+December!AH12 -> 0 | D8: =January!AI12+February!AI12+March!AI12+April!AI12+May!AI12+June!AI12+July!AI12+August!AI12+September!AI12+October!AI12+November!AI12+December!AI12 -> 0 | E8: =January!AJ12+February!AJ12+March!AJ12+April!AJ12+May!AJ12+June!AJ12+July!AJ12+August!AJ12+September!AJ12+October!AJ12+November!AJ12+December!AJ12 -> 0 | F8: =January!AK12+February!AK12+March!AK12+April!AK12+May!AK12+June!AK12+July!AK12+August!AK12+September!AK12+October!AK12+November!AK12+December!AK12 -> 0
A9: 8 | C9: =January!AH13+February!AH13+March!AH13+April!AH13+May!AH13+June!AH13+July!AH13+August!AH13+September!AH13+October!AH13+November!AH13+December!AH13 -> 0 | D9: =January!AI13+February!AI13+March!AI13+April!AI13+May!AI13+June!AI13+July!AI13+August!AI13+September!AI13+October!AI13+November!AI13+December!AI13 -> 0 | E9: =January!AJ13+February!AJ13+March!AJ13+April!AJ13+May!AJ13+June!AJ13+July!AJ13+August!AJ13+September!AJ13+October!AJ13+November!AJ13+December!AJ13 -> 0 | F9: =January!AK13+February!AK13+March!AK13+April!AK13+May!AK13+June!AK13+July!AK13+August!AK13+September!AK13+October!AK13+November!AK13+December!AK13 -> 0
A10: 9 | C10: =January!AH14+February!AH14+March!AH14+April!AH14+May!AH14+June!AH14+July!AH14+August!AH14+September!AH14+October!AH14+November!AH14+December!AH14 -> 0 | D10: =January!AI14+February!AI14+March!AI14+April!AI14+May!AI14+June!AI14+July!AI14+August!AI14+September!AI14+October!AI14+November!AI14+December!AI14 -> 0 | E10: =January!AJ14+February!AJ14+March!AJ14+April!AJ14+May!AJ14+June!AJ14+July!AJ14+August!AJ14+September!AJ14+October!AJ14+November!AJ14+December!AJ14 -> 0 | F10: =January!AK14+February!AK14+March!AK14+April!AK14+May!AK14+June!AK14+July!AK14+August!AK14+September!AK14+October!AK14+November!AK14+December!AK14 -> 0
A11: 10 | C11: =January!AH15+February!AH15+March!AH15+April!AH15+May!AH15+June!AH15+July!AH15+August!AH15+September!AH15+October!AH15+November!AH15+December!AH15 -> 0 | D11: =January!AI15+February!AI15+March!AI15+April!AI15+May!AI15+June!AI15+July!AI15+August!AI15+September!AI15+October!AI15+November!AI15+December!AI15 -> 0 | E11: =January!AJ15+February!AJ15+March!AJ15+April!AJ15+May!AJ15+June!AJ15+July!AJ15+August!AJ15+September!AJ15+October!AJ15+November!AJ15+December!AJ15 -> 0 | F11: =January!AK15+February!AK15+March!AK15+April!AK15+May!AK15+June!AK15+July!AK15+August!AK15+September!AK15+October!AK15+November!AK15+December!AK15 -> 0
A12: 11 | C12: =January!AH16+February!AH16+March!AH16+April!AH16+May!AH16+June!AH16+July!AH16+August!AH16+September!AH16+October!AH16+November!AH16+December!AH16 -> 0 | D12: =January!AI16+February!AI16+March!AI16+April!AI16+May!AI16+June!AI16+July!AI16+August!AI16+September!AI16+October!AI16+November!AI16+December!AI16 -> 0 | E12: =January!AJ16+February!AJ16+March!AJ16+April!AJ16+May!AJ16+June!AJ16+July!AJ16+August!AJ16+September!AJ16+October!AJ16+November!AJ16+December!AJ16 -> 0 | F12: =January!AK16+February!AK16+March!AK16+April!AK16+May!AK16+June!AK16+July!AK16+August!AK16+September!AK16+October!AK16+November!AK16+December!AK16 -> 0
A13: 12 | C13: =January!AH17+February!AH17+March!AH17+April!AH17+May!AH17+June!AH17+July!AH17+August!AH17+September!AH17+October!AH17+November!AH17+December!AH17 -> 0 | D13: =January!AI17+February!AI17+March!AI17+April!AI17+May!AI17+June!AI17+July!AI17+August!AI17+September!AI17+October!AI17+November!AI17+December!AI17 -> 0 | E13: =January!AJ17+February!AJ17+March!AJ17+April!AJ17+May!AJ17+June!AJ17+July!AJ17+August!AJ17+September!AJ17+October!AJ17+November!AJ17+December!AJ17 -> 0 | F13: =January!AK17+February!AK17+March!AK17+April!AK17+May!AK17+June!AK17+July!AK17+August!AK17+September!AK17+October!AK17+November!AK17+December!AK17 -> 0
A14: 13 | C14: =January!AH18+February!AH18+March!AH18+April!AH18+May!AH18+June!AH18+July!AH18+August!AH18+September!AH18+October!AH18+November!AH18+December!AH18 -> 0 | D14: =January!AI18+February!AI18+March!AI18+April!AI18+May!AI18+June!AI18+July!AI18+August!AI18+September!AI18+October!AI18+November!AI18+December!AI18 -> 0 | E14: =January!AJ18+February!AJ18+March!AJ18+April!AJ18+May!AJ18+June!AJ18+July!AJ18+August!AJ18+September!AJ18+October!AJ18+November!AJ18+December!AJ18 -> 0 | F14: =January!AK18+February!AK18+March!AK18+April!AK18+May!AK18+June!AK18+July!AK18+August!AK18+September!AK18+October!AK18+November!AK18+December!AK18 -> 0
A15: 14 | C15: =January!AH19+February!AH19+March!AH19+April!AH19+May!AH19+June!AH19+July!AH19+August!AH19+September!AH19+October!AH19+November!AH19+December!AH19 -> 0 | D15: =January!AI19+February!AI19+March!AI19+April!AI19+May!AI19+June!AI19+July!AI19+August!AI19+September!AI19+October!AI19+November!AI19+December!AI19 -> 0 | E15: =January!AJ19+February!AJ19+March!AJ19+April!AJ19+May!AJ19+June!AJ19+July!AJ19+August!AJ19+September!AJ19+October!AJ19+November!AJ19+December!AJ19 -> 0 | F15: =January!AK19+February!AK19+March!AK19+April!AK19+May!AK19+June!AK19+July!AK19+August!AK19+September!AK19+October!AK19+November!AK19+December!AK19 -> 0
... A101: 100 | C101: =January!AH105+February!AH105+March!AH105+April!AH105+May!AH105+June!AH105+July!AH105+August!AH105+September!AH105+October!AH105+November!AH105+December!AH105 -> 0 | D101: =January!AI105+February!AI105+March!AI105+April!AI105+May!AI105+June!AI105+July!AI105+August!AI105+September!AI105+October!AI105+November!AI105+December!AI105 -> 0 | E101: =January!AJ105+February!AJ105+March!AJ105+April!AJ105+May!AJ105+June!AJ105+July!AJ105+August!AJ105+September!AJ105+October!AJ105+November!AJ105+December!AJ105 -> 0 | F101: =January!AK105+February!AK105+March!AK105+April!AK105+May!AK105+June!AK105+July!AK105+August!AK105+September!AK105+October!AK105+November!AK105+December!AK105 -> 0

Sheet January
C1: الحالة: | D1: حضور | E1: غياب | F1: إجازة | G1: مرضي
C2: الاختصار: | D2: ح | E2: غ | F2: ج | G2: م
A4: م | B4: اسم الموظف | C4: =CHOOSE(WEEKDAY(C5), "الأحد","الاثنين","الثلاثاء","الأربعاء","الخميس","الجمعة","السبت") -> الخميس | D4: =CHOOSE(WEEKDAY(D5), "الأحد","الاثنين","الثلاثاء","الأربعاء","الخميس","الجمعة","السبت") -> الجمعة | E4: =CHOOSE(WEEKDAY(E5), "الأحد","الاثنين","الثلاثاء","الأربعاء","الخميس","الجمعة","السبت") -> السبت | F4: =CHOOSE(WEEKDAY(F5), "الأحد","الاثنين","الثلاثاء","الأربعاء","الخميس","الجمعة","السبت") -> الأحد | G4: =CHOOSE(WEEKDAY(G5), "الأحد","الاثنين","الثلاثاء","الأربعاء","الخميس","الجمعة","السبت") -> الاثنين | H4: =CHOOSE(WEEKDAY(H5), "الأحد","الاثنين","الثلاثاء","الأربعاء","الخميس","الجمعة","السبت") -> الثلاثاء | I4: =CHOOSE(WEEKDAY(I5), "الأحد","الاثنين","الثلاثاء","الأربعاء","الخميس","الجمعة","السبت") -> الأربعاء | J4: =CHOOSE(WEEKDAY(J5), "الأحد","الاثنين","الثلاثاء","الأربعاء","الخميس","الجمعة","السبت") -> الخميس | ... AG4: =CHOOSE(WEEKDAY(AG5), "الأحد","الاثنين","الثلاثاء","الأربعاء","الخميس","الجمعة","السبت") -> السبت | AH4: حضور | AI4: غياب | AJ4: إجازة | AK4: مرضي
C5: {=_xlfn.SEQUENCE(1, DAY(EOMONTH(DATE(2026,1,1),0)), DATE(2026,1,1))} -> 46023 | D5: 46024 | E5: 46025 | F5: 46026 | G5: 46027 | H5: 46028 | I5: 46029 | J5: 46030 | K5: 46031 | L5: 46032 | M5: 46033 | N5: 46034 | O5: 46035 | P5: 46036 | Q5: 46037 | R5: 46038 | S5: 46039 | T5: 46040 | U5: 46041 | V5: 46042 | W5: 46043 | X5: 46044 | Y5: 46045 | Z5: 46046 | AA5: 46047 | AB5: 46048 | AC5: 46049 | AD5: 46050 | AE5: 46051 | AF5: 46052 | AG5: 46053
A6: 1 | B6: =Annual_Report!B2 -> 0 | AH6: =COUNTIF($C6:$AG6, "ح") -> 0 | AI6: =COUNTIF($C6:$AG6, "غ") -> 0 | AJ6: =COUNTIF($C6:$AG6, "ج") -> 0 | AK6: =COUNTIF($C6:$AG6, "م") -> 0
A7: 2 | B7: =Annual_Report!B3 -> 0 | AH7: =COUNTIF($C7:$AG7, "ح") -> 0 | AI7: =COUNTIF($C7:$AG7, "غ") -> 0 | AJ7: =COUNTIF($C7:$AG7, "ج") -> 0 | AK7: =COUNTIF($C7:$AG7, "م") -> 0
A8: 3 | B8: =Annual_Report!B4 -> 0 | AH8: =COUNTIF($C8:$AG8, "ح") -> 0 | AI8: =COUNTIF($C8:$AG8, "غ") -> 0 | AJ8: =COUNTIF($C8:$AG8, "ج") -> 0 | AK8: =COUNTIF($C8:$AG8, "م") -> 0
A9: 4 | B9: =Annual_Report!B5 -> 0 | AH9: =COUNTIF($C9:$AG9, "ح") -> 0 | AI9: =COUNTIF($C9:$AG9, "غ") -> 0 | AJ9: =COUNTIF($C9:$AG9, "ج") -> 0 | AK9: =COUNTIF($C9:$AG9, "م") -> 0
A10: 5 | B10: =Annual_Report!B6 -> 0 | AH10: =COUNTIF($C10:$AG10, "ح") -> 0 | AI10: =COUNTIF($C10:$AG10, "غ") -> 0 | AJ10: =COUNTIF($C10:$AG10, "ج") -> 0 | AK10: =COUNTIF($C10:$AG10, "م") -> 0
A11: 6 | B11: =Annual_Report!B7 -> 0 | AH11: =COUNTIF($C11:$AG11, "ح") -> 0 | AI11: =COUNTIF($C11:$AG11, "غ") -> 0 | AJ11: =COUNTIF($C11:$AG11, "ج") -> 0 | AK11: =COUNTIF($C11:$AG11, "م") -> 0
A12: 7 | B12: =Annual_Report!B8 -> 0 | AH12: =COUNTIF($C12:$AG12, "ح") -> 0 | AI12: =COUNTIF($C12:$AG12, "غ") -> 0 | AJ12: =COUNTIF($C12:$AG12, "ج") -> 0 | AK12: =COUNTIF($C12:$AG12, "م") -> 0
A13: 8 | B13: =Annual_Report!B9 -> 0 | AH13: =COUNTIF($C13:$AG13, "ح") -> 0 | AI13: =COUNTIF($C13:$AG13, "غ") -> 0 | AJ13: =COUNTIF($C13:$AG13, "ج") -> 0 | AK13: =COUNTIF($C13:$AG13, "م") -> 0
A14: 9 | B14: =Annual_Report!B10 -> 0 | AH14: =COUNTIF($C14:$AG14, "ح") -> 0 | AI14: =COUNTIF($C14:$AG14, "غ") -> 0 | AJ14: =COUNTIF($C14:$AG14, "ج") -> 0 | AK14: =COUNTIF($C14:$AG14, "م") -> 0
A15: 10 | B15: =Annual_Report!B11 -> 0 | AH15: =COUNTIF($C15:$AG15, "ح") -> 0 | AI15: =COUNTIF($C15:$AG15, "غ") -> 0 | AJ15: =COUNTIF($C15:$AG15, "ج") -> 0 | AK15: =COUNTIF($C15:$AG15, "م") -> 0
A16: 11 | B16: =Annual_Report!B12 -> 0 | AH16: =COUNTIF($C16:$AG16, "ح") -> 0 | AI16: =COUNTIF($C16:$AG16, "غ") -> 0 | AJ16: =COUNTIF($C16:$AG16, "ج") -> 0 | AK16: =COUNTIF($C16:$AG16, "م") -> 0
A17: 12 | B17: =Annual_Report!B13 -> 0 | AH17: =COUNTIF($C17:$AG17, "ح") -> 0 | AI17: =COUNTIF($C17:$AG17, "غ") -> 0 | AJ17: =COUNTIF($C17:$AG17, "ج") -> 0 | AK17: =COUNTIF($C17:$AG17, "م") -> 0
... A105: 100 | B105: =Annual_Report!B101 -> 0 | AH105: =COUNTIF($C105:$AG105, "ح") -> 0 | AI105: =COUNTIF($C105:$AG105, "غ") -> 0 | AJ105: =COUNTIF($C105:$AG105, "ج") -> 0 | AK105: =COUNTIF($C105:$AG105, "م") -> 0

Sheet February
C1: الحالة: | D1: حضور | E1: غياب | F1: إجازة | G1: مرضي
C2: الاختصار: | D2: ح | E2: غ | F2: ج | G2: م
A4: م | B4: اسم الموظف | C4: =CHOOSE(WEEKDAY(C5), "الأحد","الاثنين","الثلاثاء","الأربعاء","الخميس","الجمعة","السبت") -> الأحد | D4: =CHOOSE(WEEKDAY(D5), "الأحد","الاثنين","الثلاثاء","الأربعاء","الخميس","الجمعة","السبت") -> الاثنين | E4: =CHOOSE(WEEKDAY(E5), "الأحد","الاثنين","الثلاثاء","الأربعاء","الخميس","الجمعة","السبت") -> الثلاثاء | F4: =CHOOSE(WEEKDAY(F5), "الأحد","الاثنين","الثلاثاء","الأربعاء","الخميس","الجمعة","السبت") -> الأربعاء | G4: =CHOOSE(WEEKDAY(G5), "الأحد","الاثنين","الثلاثاء","الأربعاء","الخميس","الجمعة","السبت") -> الخميس | H4: =CHOOSE(WEEKDAY(H5), "الأحد","الاثنين","الثلاثاء","الأربعاء","الخميس","الجمعة","السبت") -> الجمعة | I4: =CHOOSE(WEEKDAY(I5), "الأحد","الاثنين","الثلاثاء","الأربعاء","الخميس","الجمعة","السبت") -> السبت | J4: =CHOOSE(WEEKDAY(J5), "الأحد","الاثنين","الثلاثاء","الأربعاء","الخميس","الجمعة","السبت") -> الأحد | ... AG4: =CHOOSE(WEEKDAY(AG5), "الأحد","الاثنين","الثلاثاء","الأربعاء","الخميس","الجمعة","السبت") -> السبت | AH4: حضور | AI4: غياب | AJ4: إجازة | AK4: مرضي
C5: {=_xlfn.SEQUENCE(1, DAY(EOMONTH(DATE(2026,2,1),0)), DATE(2026,2,1))} -> 46054 | D5: 46055 | E5: 46056 | F5: 46057 | G5: 46058 | H5: 46059 | I5: 46060 | J5: 46061 | K5: 46062 | L5: 46063 | M5: 46064 | N5: 46065 | O5: 46066 | P5: 46067 | Q5: 46068 | R5: 46069 | S5: 46070 | T5: 46071 | U5: 46072 | V5: 46073 | W5: 46074 | X5: 46075 | Y5: 46076 | Z5: 46077 | AA5: 46078 | AB5: 46079 | AC5: 46080 | AD5: 46081
A6: 1 | B6: =Annual_Report!B2 -> 0 | AH6: =COUNTIF($C6:$AG6, "ح") -> 0 | AI6: =COUNTIF($C6:$AG6, "غ") -> 0 | AJ6: =COUNTIF($C6:$AG6, "ج") -> 0 | AK6: =COUNTIF($C6:$AG6, "م") -> 0
A7: 2 | B7: =Annual_Report!B3 -> 0 | AH7: =COUNTIF($C7:$AG7, "ح") -> 0 | AI7: =COUNTIF($C7:$AG7, "غ") -> 0 | AJ7: =COUNTIF($C7:$AG7, "ج") -> 0 | AK7: =COUNTIF($C7:$AG7, "م") -> 0
A8: 3 | B8: =Annual_Report!B4 -> 0 | AH8: =COUNTIF($C8:$AG8, "ح") -> 0 | AI8: =COUNTIF($C8:$AG8, "غ") -> 0 | AJ8: =COUNTIF($C8:$AG8, "ج") -> 0 | AK8: =COUNTIF($C8:$AG8, "م") -> 0
A9: 4 | B9: =Annual_Report!B5 -> 0 | AH9: =COUNTIF($C9:$AG9, "ح") -> 0 | AI9: =COUNTIF($C9:$AG9, "غ") -> 0 | AJ9: =COUNTIF($C9:$AG9, "ج") -> 0 | AK9: =COUNTIF($C9:$AG9, "م") -> 0
A10: 5 | B10: =Annual_Report!B6 -> 0 | AH10: =COUNTIF($C10:$AG10, "ح") -> 0 | AI10: =COUNTIF($C10:$AG10, "غ") -> 0 | AJ10: =COUNTIF($C10:$AG10, "ج") -> 0 | AK10: =COUNTIF($C10:$AG10, "م") -> 0
A11: 6 | B11: =Annual_Report!B7 -> 0 | AH11: =COUNTIF($C11:$AG11, "ح") -> 0 | AI11: =COUNTIF($C11:$AG11, "غ") -> 0 | AJ11: =COUNTIF($C11:$AG11, "ج") -> 0 | AK11: =COUNTIF($C11:$AG11, "م") -> 0
A12: 7 | B12: =Annual_Report!B8 -> 0 | AH12: =COUNTIF($C12:$AG12, "ح") -> 0 | AI12: =COUNTIF($C12:$AG12, "غ") -> 0 | AJ12: =COUNTIF($C12:$AG12, "ج") -> 0 | AK12: =COUNTIF($C12:$AG12, "م") -> 0
A13: 8 | B13: =Annual_Report!B9 -> 0 | AH13: =COUNTIF($C13:$AG13, "ح") -> 0 | AI13: =COUNTIF($C13:$AG13, "غ") -> 0 | AJ13: =COUNTIF($C13:$AG13, "ج") -> 0 | AK13: =COUNTIF($C13:$AG13, "م") -> 0
A14: 9 | B14: =Annual_Report!B10 -> 0 | AH14: =COUNTIF($C14:$AG14, "ح") -> 0 | AI14: =COUNTIF($C14:$AG14, "غ") -> 0 | AJ14: =COUNTIF($C14:$AG14, "ج") -> 0 | AK14: =COUNTIF($C14:$AG14, "م") -> 0
A15: 10 | B15: =Annual_Report!B11 -> 0 | AH15: =COUNTIF($C15:$AG15, "ح") -> 0 | AI15: =COUNTIF($C15:$AG15, "غ") -> 0 | AJ15: =COUNTIF($C15:$AG15, "ج") -> 0 | AK15: =COUNTIF($C15:$AG15, "م") -> 0
A16: 11 | B16: =Annual_Report!B12 -> 0 | AH16: =COUNTIF($C16:$AG16, "ح") -> 0 | AI16: =COUNTIF($C16:$AG16, "غ") -> 0 | AJ16: =COUNTIF($C16:$AG16, "ج") -> 0 | AK16: =COUNTIF($C16:$AG16, "م") -> 0
A17: 12 | B17: =Annual_Report!B13 -> 0 | AH17: =COUNTIF($C17:$AG17, "ح") -> 0 | AI17: =COUNTIF($C17:$AG17, "غ") -> 0 | AJ17: =COUNTIF($C17:$AG17, "ج") -> 0 | AK17: =COUNTIF($C17:$AG17, "م") -> 0
... A105: 100 | B105: =Annual_Report!B101 -> 0 | AH105: =COUNTIF($C105:$AG105, "ح") -> 0 | AI105: =COUNTIF($C105:$AG105, "غ") -> 0 | AJ105: =COUNTIF($C105:$AG105, "ج") -> 0 | AK105: =COUNTIF($C105:$AG105, "م") -> 0

Sheet March
C1: الحالة: | D1: حضور | E1: غياب | F1: إجازة | G1: مرضي
C2: الاختصار: | D2: ح | E2: غ | F2: ج | G2: م
A4: م | B4: اسم الموظف | C4: =CHOOSE(WEEKDAY(C5), "الأحد","الاثنين","الثلاثاء","الأربعاء","الخميس","الجمعة","السبت") -> الأحد | D4: =CHOOSE(WEEKDAY(D5), "الأحد","الاثنين","الثلاثاء","الأربعاء","الخميس","الجمعة","السبت") -> الاثنين | E4: =CHOOSE(WEEKDAY(E5), "الأحد","الاثنين","الثلاثاء","الأربعاء","الخميس","الجمعة","السبت") -> الثلاثاء | F4: =CHOOSE(WEEKDAY(F5), "الأحد","الاثنين","الثلاثاء","الأربعاء","الخميس","الجمعة","السبت") -> الأربعاء | G4: =CHOOSE(WEEKDAY(G5), "الأحد","الاثنين","الثلاثاء","الأربعاء","الخميس","الجمعة","السبت") -> الخميس | H4: =CHOOSE(WEEKDAY(H5), "الأحد","الاثنين","الثلاثاء","الأربعاء","الخميس","الجمعة","السبت") -> الجمعة | I4: =CHOOSE(WEEKDAY(I5), "الأحد","الاثنين","الثلاثاء","الأربعاء","الخميس","الجمعة","السبت") -> السبت | J4: =CHOOSE(WEEKDAY(J5), "الأحد","الاثنين","الثلاثاء","الأربعاء","الخميس","الجمعة","السبت") -> الأحد | ... AG4: =CHOOSE(WEEKDAY(AG5), "الأحد","الاثنين","الثلاثاء","الأربعاء","الخميس","الجمعة","السبت") -> الثلاثاء | AH4: حضور | AI4: غياب | AJ4: إجازة | AK4: مرضي
C5: {=_xlfn.SEQUENCE(1, DAY(EOMONTH(DATE(2026,3,1),0)), DATE(2026,3,1))} -> 46082 | D5: 46083 | E5: 46084 | F5: 46085 | G5: 46086 | H5: 46087 | I5: 46088 | J5: 46089 | K5: 46090 | L5: 46091 | M5: 46092 | N5: 46093 | O5: 46094 | P5: 46095 | Q5: 46096 | R5: 46097 | S5: 46098 | T5: 46099 | U5: 46100 | V5: 46101 | W5: 46102 | X5: 46103 | Y5: 46104 | Z5: 46105 | AA5: 46106 | AB5: 46107 | AC5: 46108 | AD5: 46109 | AE5: 46110 | AF5: 46111 | AG5: 46112
A6: 1 | B6: =Annual_Report!B2 -> 0 | AH6: =COUNTIF($C6:$AG6, "ح") -> 0 | AI6: =COUNTIF($C6:$AG6, "غ") -> 0 | AJ6: =COUNTIF($C6:$AG6, "ج") -> 0 | AK6: =COUNTIF($C6:$AG6, "م") -> 0
A7: 2 | B7: =Annual_Report!B3 -> 0 | AH7: =COUNTIF($C7:$AG7, "ح") -> 0 | AI7: =COUNTIF($C7:$AG7, "غ") -> 0 | AJ7: =COUNTIF($C7:$AG7, "ج") -> 0 | AK7: =COUNTIF($C7:$AG7, "م") -> 0
A8: 3 | B8: =Annual_Report!B4 -> 0 | AH8: =COUNTIF($C8:$AG8, "ح") -> 0 | AI8: =COUNTIF($C8:$AG8, "غ") -> 0 | AJ8: =COUNTIF($C8:$AG8, "ج") -> 0 | AK8: =COUNTIF($C8:$AG8, "م") -> 0
A9: 4 | B9: =Annual_Report!B5 -> 0 | AH9: =COUNTIF($C9:$AG9, "ح") -> 0 | AI9: =COUNTIF($C9:$AG9, "غ") -> 0 | AJ9: =COUNTIF($C9:$AG9, "ج") -> 0 | AK9: =COUNTIF($C9:$AG9, "م") -> 0
A10: 5 | B10: =Annual_Report!B6 -> 0 | AH10: =COUNTIF($C10:$AG10, "ح") -> 0 | AI10: =COUNTIF($C10:$AG10, "غ") -> 0 | AJ10: =COUNTIF($C10:$AG10, "ج") -> 0 | AK10: =COUNTIF($C10:$AG10, "م") -> 0
A11: 6 | B11: =Annual_Report!B7 -> 0 | AH11: =COUNTIF($C11:$AG11, "ح") -> 0 | AI11: =COUNTIF($C11:$AG11, "غ") -> 0 | AJ11: =COUNTIF($C11:$AG11, "ج") -> 0 | AK11: =COUNTIF($C11:$AG11, "م") -> 0
A12: 7 | B12: =Annual_Report!B8 -> 0 | AH12: =COUNTIF($C12:$AG12, "ح") -> 0 | AI12: =COUNTIF($C12:$AG12, "غ") -> 0 | AJ12: =COUNTIF($C12:$AG12, "ج") -> 0 | AK12: =COUNTIF($C12:$AG12, "م") -> 0
A13: 8 | B13: =Annual_Report!B9 -> 0 | AH13: =COUNTIF($C13:$AG13, "ح") -> 0 | AI13: =COUNTIF($C13:$AG13, "غ") -> 0 | AJ13: =COUNTIF($C13:$AG13, "ج") -> 0 | AK13: =COUNTIF($C13:$AG13, "م") -> 0
A14: 9 | B14: =Annual_Report!B10 -> 0 | AH14: =COUNTIF($C14:$AG14, "ح") -> 0 | AI14: =COUNTIF($C14:$AG14, "غ") -> 0 | AJ14: =COUNTIF($C14:$AG14, "ج") -> 0 | AK14: =COUNTIF($C14:$AG14, "م") -> 0
A15: 10 | B15: =Annual_Report!B11 -> 0 | AH15: =COUNTIF($C15:$AG15, "ح") -> 0 | AI15: =COUNTIF($C15:$AG15, "غ") -> 0 | AJ15: =COUNTIF($C15:$AG15, "ج") -> 0 | AK15: =COUNTIF($C15:$AG15, "م") -> 0
A16: 11 | B16: =Annual_Report!B12 -> 0 | AH16: =COUNTIF($C16:$AG16, "ح") -> 0 | AI16: =COUNTIF($C16:$AG16, "غ") -> 0 | AJ16: =COUNTIF($C16:$AG16, "ج") -> 0 | AK16: =COUNTIF($C16:$AG16, "م") -> 0
A17: 12 | B17: =Annual_Report!B13 -> 0 | AH17: =COUNTIF($C17:$AG17, "ح") -> 0 | AI17: =COUNTIF($C17:$AG17, "غ") -> 0 | AJ17: =COUNTIF($C17:$AG17, "ج") -> 0 | AK17: =COUNTIF($C17:$AG17, "م") -> 0
... A105: 100 | B105: =Annual_Report!B101 -> 0 | AH105: =COUNTIF($C105:$AG105, "ح") -> 0 | AI105: =COUNTIF($C105:$AG105, "غ") -> 0 | AJ105: =COUNTIF($C105:$AG105, "ج") -> 0 | AK105: =COUNTIF($C105:$AG105, "م") -> 0

Sheet April
C1: الحالة: | D1: حضور | E1: غياب | F1: إجازة | G1: مرضي
C2: الاختصار: | D2: ح | E2: غ | F2: ج | G2: م
A4: م | B4: اسم الموظف | C4: =CHOOSE(WEEKDAY(C5), "الأحد","الاثنين","الثلاثاء","الأربعاء","الخميس","الجمعة","السبت") -> الأربعاء | D4: =CHOOSE(WEEKDAY(D5), "الأحد","الاثنين","الثلاثاء","الأربعاء","الخميس","الجمعة","السبت") -> الخميس | E4: =CHOOSE(WEEKDAY(E5), "الأحد","الاثنين","الثلاثاء","الأربعاء","الخميس","الجمعة","السبت") -> الجمعة | F4: =CHOOSE(WEEKDAY(F5), "الأحد","الاثنين","الثلاثاء","الأربعاء","الخميس","الجمعة","السبت") -> السبت | G4: =CHOOSE(WEEKDAY(G5), "الأحد","الاثنين","الثلاثاء","الأربعاء","الخميس","الجمعة","السبت") -> الأحد | H4: =CHOOSE(WEEKDAY(H5), "الأحد","الاثنين","الثلاثاء","الأربعاء","الخميس","الجمعة","السبت") -> الاثنين | I4: =CHOOSE(WEEKDAY(I5), "الأحد","الاثنين","الثلاثاء","الأربعاء","الخميس","الجمعة","السبت") -> الثلاثاء | J4: =CHOOSE(WEEKDAY(J5), "الأحد","الاثنين","الثلاثاء","الأربعاء","الخميس","الجمعة","السبت") -> الأربعاء | ... AG4: =CHOOSE(WEEKDAY(AG5), "الأحد","الاثنين","الثلاثاء","الأربعاء","الخميس","الجمعة","السبت") -> السبت | AH4: حضور | AI4: غياب | AJ4: إجازة | AK4: مرضي
C5: {=_xlfn.SEQUENCE(1, DAY(EOMONTH(DATE(2026,4,1),0)), DATE(2026,4,1))} -> 46113 | D5: 46114 | E5: 46115 | F5: 46116 | G5: 46117 | H5: 46118 | I5: 46119 | J5: 46120 | K5: 46121 | L5: 46122 | M5: 46123 | N5: 46124 | O5: 46125 | P5: 46126 | Q5: 46127 | R5: 46128 | S5: 46129 | T5: 46130 | U5: 46131 | V5: 46132 | W5: 46133 | X5: 46134 | Y5: 46135 | Z5: 46136 | AA5: 46137 | AB5: 46138 | AC5: 46139 | AD5: 46140 | AE5: 46141 | AF5: 46142
A6: 1 | B6: =Annual_Report!B2 -> 0 | AH6: =COUNTIF($C6:$AG6, "ح") -> 0 | AI6: =COUNTIF($C6:$AG6, "غ") -> 0 | AJ6: =COUNTIF($C6:$AG6, "ج") -> 0 | AK6: =COUNTIF($C6:$AG6, "م") -> 0
A7: 2 | B7: =Annual_Report!B3 -> 0 | AH7: =COUNTIF($C7:$AG7, "ح") -> 0 | AI7: =COUNTIF($C7:$AG7, "غ") -> 0 | AJ7: =COUNTIF($C7:$AG7, "ج") -> 0 | AK7: =COUNTIF($C7:$AG7, "م") -> 0
A8: 3 | B8: =Annual_Report!B4 -> 0 | AH8: =COUNTIF($C8:$AG8, "ح") -> 0 | AI8: =COUNTIF($C8:$AG8, "غ") -> 0 | AJ8: =COUNTIF($C8:$AG8, "ج") -> 0 | AK8: =COUNTIF($C8:$AG8, "م") -> 0
A9: 4 | B9: =Annual_Report!B5 -> 0 | AH9: =COUNTIF($C9:$AG9, "ح") -> 0 | AI9: =COUNTIF($C9:$AG9, "غ") -> 0 | AJ9: =COUNTIF($C9:$AG9, "ج") -> 0 | AK9: =COUNTIF($C9:$AG9, "م") -> 0
A10: 5 | B10: =Annual_Report!B6 -> 0 | AH10: =COUNTIF($C10:$AG10, "ح") -> 0 | AI10: =COUNTIF($C10:$AG10, "غ") -> 0 | AJ10: =COUNTIF($C10:$AG10, "ج") -> 0 | AK10: =COUNTIF($C10:$AG10, "م") -> 0
A11: 6 | B11: =Annual_Report!B7 -> 0 | AH11: =COUNTIF($C11:$AG11, "ح") -> 0 | AI11: =COUNTIF($C11:$AG11, "غ") -> 0 | AJ11: =COUNTIF($C11:$AG11, "ج") -> 0 | AK11: =COUNTIF($C11:$AG11, "م") -> 0
A12: 7 | B12: =Annual_Report!B8 -> 0 | AH12: =COUNTIF($C12:$AG12, "ح") -> 0 | AI12: =COUNTIF($C12:$AG12, "غ") -> 0 | AJ12: =COUNTIF($C12:$AG12, "ج") -> 0 | AK12: =COUNTIF($C12:$AG12, "م") -> 0
A13: 8 | B13: =Annual_Report!B9 -> 0 | AH13: =COUNTIF($C13:$AG13, "ح") -> 0 | AI13: =COUNTIF($C13:$AG13, "غ") -> 0 | AJ13: =COUNTIF($C13:$AG13, "ج") -> 0 | AK13: =COUNTIF($C13:$AG13, "م") -> 0
A14: 9 | B14: =Annual_Report!B10 -> 0 | AH14: =COUNTIF($C14:$AG14, "ح") -> 0 | AI14: =COUNTIF($C14:$AG14, "غ") -> 0 | AJ14: =COUNTIF($C14:$AG14, "ج") -> 0 | AK14: =COUNTIF($C14:$AG14, "م") -> 0
A15: 10 | B15: =Annual_Report!B11 -> 0 | AH15: =COUNTIF($C15:$AG15, "ح") -> 0 | AI15: =COUNTIF($C15:$AG15, "غ") -> 0 | AJ15: =COUNTIF($C15:$AG15, "ج") -> 0 | AK15: =COUNTIF($C15:$AG15, "م") -> 0
A16: 11 | B16: =Annual_Report!B12 -> 0 | AH16: =COUNTIF($C16:$AG16, "ح") -> 0 | AI16: =COUNTIF($C16:$AG16, "غ") -> 0 | AJ16: =COUNTIF($C16:$AG16, "ج") -> 0 | AK16: =COUNTIF($C16:$AG16, "م") -> 0
A17: 12 | B17: =Annual_Report!B13 -> 0 | AH17: =COUNTIF($C17:$AG17, "ح") -> 0 | AI17: =COUNTIF($C17:$AG17, "غ") -> 0 | AJ17: =COUNTIF($C17:$AG17, "ج") -> 0 | AK17: =COUNTIF($C17:$AG17, "م") -> 0
... A105: 100 | B105: =Annual_Report!B101 -> 0 | AH105: =COUNTIF($C105:$AG105, "ح") -> 0 | AI105: =COUNTIF($C105:$AG105, "غ") -> 0 | AJ105: =COUNTIF($C105:$AG105, "ج") -> 0 | AK105: =COUNTIF($C105:$AG105, "م") -> 0

Sheet May
C1: الحالة: | D1: حضور | E1: غياب | F1: إجازة | G1: مرضي
C2: الاختصار: | D2: ح | E2: غ | F2: ج | G2: م
A4: م | B4: اسم الموظف | C4: =CHOOSE(WEEKDAY(C5), "الأحد","الاثنين","الثلاثاء","الأربعاء","الخميس","الجمعة","السبت") -> الجمعة | D4: =CHOOSE(WEEKDAY(D5), "الأحد","الاثنين","الثلاثاء","الأربعاء","الخميس","الجمعة","السبت") -> السبت | E4: =CHOOSE(WEEKDAY(E5), "الأحد","الاثنين","الثلاثاء","الأربعاء","الخميس","الجمعة","السبت") -> الأحد | F4: =CHOOSE(WEEKDAY(F5), "الأحد","الاثنين","الثلاثاء","الأربعاء","الخميس","الجمعة","السبت") -> الاثنين | G4: =CHOOSE(WEEKDAY(G5), "الأحد","الاثنين","الثلاثاء","الأربعاء","الخميس","الجمعة","السبت") -> الثلاثاء | H4: =CHOOSE(WEEKDAY(H5), "الأحد","الاثنين","الثلاثاء","الأربعاء","الخميس","الجمعة","السبت") -> الأربعاء | I4: =CHOOSE(WEEKDAY(I5), "الأحد","الاثنين","الثلاثاء","الأربعاء","الخميس","الجمعة","السبت") -> الخميس | J4: =CHOOSE(WEEKDAY(J5), "الأحد","الاثنين","الثلاثاء","الأربعاء","الخميس","الجمعة","السبت") -> الجمعة | ... AG4: =CHOOSE(WEEKDAY(AG5), "الأحد","الاثنين","الثلاثاء","الأربعاء","الخميس","الجمعة","السبت") -> الأحد | AH4: حضور | AI4: غياب | AJ4: إجازة | AK4: مرضي
C5: {=_xlfn.SEQUENCE(1, DAY(EOMONTH(DATE(2026,5,1),0)), DATE(2026,5,1))} -> 46143 | D5: 46144 | E5: 46145 | F5: 46146 | G5: 46147 | H5: 46148 | I5: 46149 | J5: 46150 | K5: 46151 | L5: 46152 | M5: 46153 | N5: 46154 | O5: 46155 | P5: 46156 | Q5: 46157 | R5: 46158 | S5: 46159 | T5: 46160 | U5: 46161 | V5: 46162 | W5: 46163 | X5: 46164 | Y5: 46165 | Z5: 46166 | AA5: 46167 | AB5: 46168 | AC5: 46169 | AD5: 46170 | AE5: 46171 | AF5: 46172 | AG5: 46173
A6: 1 | B6: =Annual_Report!B2 -> 0 | AH6: =COUNTIF($C6:$AG6, "ح") -> 0 | AI6: =COUNTIF($C6:$AG6, "غ") -> 0 | AJ6: =COUNTIF($C6:$AG6, "ج") -> 0 | AK6: =COUNTIF($C6:$AG6, "م") -> 0
A7: 2 | B7: =Annual_Report!B3 -> 0 | AH7: =COUNTIF($C7:$AG7, "ح") -> 0 | AI7: =COUNTIF($C7:$AG7, "غ") -> 0 | AJ7: =COUNTIF($C7:$AG7, "ج") -> 0 | AK7: =COUNTIF($C7:$AG7, "م") -> 0
A8: 3 | B8: =Annual_Report!B4 -> 0 | AH8: =COUNTIF($C8:$AG8, "ح") -> 0 | AI8: =COUNTIF($C8:$AG8, "غ") -> 0 | AJ8: =COUNTIF($C8:$AG8, "ج") -> 0 | AK8: =COUNTIF($C8:$AG8, "م") -> 0
A9: 4 | B9: =Annual_Report!B5 -> 0 | AH9: =COUNTIF($C9:$AG9, "ح") -> 0 | AI9: =COUNTIF($C9:$AG9, "غ") -> 0 | AJ9: =COUNTIF($C9:$AG9, "ج") -> 0 | AK9: =COUNTIF($C9:$AG9, "م") -> 0
A10: 5 | B10: =Annual_Report!B6 -> 0 | AH10: =COUNTIF($C10:$AG10, "ح") -> 0 | AI10: =COUNTIF($C10:$AG10, "غ") -> 0 | AJ10: =COUNTIF($C10:$AG10, "ج") -> 0 | AK10: =COUNTIF($C10:$AG10, "م") -> 0
A11: 6 | B11: =Annual_Report!B7 -> 0 | AH11: =COUNTIF($C11:$AG11, "ح") -> 0 | AI11: =COUNTIF($C11:$AG11, "غ") -> 0 | AJ11: =COUNTIF($C11:$AG11, "ج") -> 0 | AK11: =COUNTIF($C11:$AG11, "م") -> 0
A12: 7 | B12: =Annual_Report!B8 -> 0 | AH12: =COUNTIF($C12:$AG12, "ح") -> 0 | AI12: =COUNTIF($C12:$AG12, "غ") -> 0 | AJ12: =COUNTIF($C12:$AG12, "ج") -> 0 | AK12: =COUNTIF($C12:$AG12, "م") -> 0
A13: 8 | B13: =Annual_Report!B9 -> 0 | AH13: =COUNTIF($C13:$AG13, "ح") -> 0 | AI13: =COUNTIF($C13:$AG13, "غ") -> 0 | AJ13: =COUNTIF($C13:$AG13, "ج") -> 0 | AK13: =COUNTIF($C13:$AG13, "م") -> 0
A14: 9 | B14: =Annual_Report!B10 -> 0 | AH14: =COUNTIF($C14:$AG14, "ح") -> 0 | AI14: =COUNTIF($C14:$AG14, "غ") -> 0 | AJ14: =COUNTIF($C14:$AG14, "ج") -> 0 | AK14: =COUNTIF($C14:$AG14, "م") -> 0
A15: 10 | B15: =Annual_Report!B11 -> 0 | AH15: =COUNTIF($C15:$AG15, "ح") -> 0 | AI15: =COUNTIF($C15:$AG15, "غ") -> 0 | AJ15: =COUNTIF($C15:$AG15, "ج") -> 0 | AK15: =COUNTIF($C15:$AG15, "م") -> 0
A16: 11 | B16: =Annual_Report!B12 -> 0 | AH16: =COUNTIF($C16:$AG16, "ح") -> 0 | AI16: =COUNTIF($C16:$AG16, "غ") -> 0 | AJ16: =COUNTIF($C16:$AG16, "ج") -> 0 | AK16: =COUNTIF($C16:$AG16, "م") -> 0
A17: 12 | B17: =Annual_Report!B13 -> 0 | AH17: =COUNTIF($C17:$AG17, "ح") -> 0 | AI17: =COUNTIF($C17:$AG17, "غ") -> 0 | AJ17: =COUNTIF($C17:$AG17, "ج") -> 0 | AK17: =COUNTIF($C17:$AG17, "م") -> 0
... A105: 100 | B105: =Annual_Report!B101 -> 0 | AH105: =COUNTIF($C105:$AG105, "ح") -> 0 | AI105: =COUNTIF($C105:$AG105, "غ") -> 0 | AJ105: =COUNTIF($C105:$AG105, "ج") -> 0 | AK105: =COUNTIF($C105:$AG105, "م") -> 0

Sheet June
C1: الحالة: | D1: حضور | E1: غياب | F1: إجازة | G1: مرضي
C2: الاختصار: | D2: ح | E2: غ | F2: ج | G2: م
A4: م | B4: اسم الموظف | C4: =CHOOSE(WEEKDAY(C5), "الأحد","الاثنين","الثلاثاء","الأربعاء","الخميس","الجمعة","السبت") -> الاثنين | D4: =CHOOSE(WEEKDAY(D5), "الأحد","الاثنين","الثلاثاء","الأربعاء","الخميس","الجمعة","السبت") -> الثلاثاء | E4: =CHOOSE(WEEKDAY(E5), "الأحد","الاثنين","الثلاثاء","الأربعاء","الخميس","الجمعة","السبت") -> الأربعاء | F4: =CHOOSE(WEEKDAY(F5), "الأحد","الاثنين","الثلاثاء","الأربعاء","الخميس","الجمعة","السبت") -> الخميس | G4: =CHOOSE(WEEKDAY(G5), "الأحد","الاثنين","الثلاثاء","الأربعاء","الخميس","الجمعة","السبت") -> الجمعة | H4: =CHOOSE(WEEKDAY(H5), "الأحد","الاثنين","الثلاثاء","الأربعاء","الخميس","الجمعة","السبت") -> السبت | I4: =CHOOSE(WEEKDAY(I5), "الأحد","الاثنين","الثلاثاء","الأربعاء","الخميس","الجمعة","السبت") -> الأحد | J4: =CHOOSE(WEEKDAY(J5), "الأحد","الاثنين","الثلاثاء","الأربعاء","الخميس","الجمعة","السبت") -> الاثنين | ... AG4: =CHOOSE(WEEKDAY(AG5), "الأحد","الاثنين","الثلاثاء","الأربعاء","الخميس","الجمعة","السبت") -> السبت | AH4: حضور | AI4: غياب | AJ4: إجازة | AK4: مرضي
C5: {=_xlfn.SEQUENCE(1, DAY(EOMONTH(DATE(2026,6,1),0)), DATE(2026,6,1))} -> 46174 | D5: 46175 | E5: 46176 | F5: 46177 | G5: 46178 | H5: 46179 | I5: 46180 | J5: 46181 | K5: 46182 | L5: 46183 | M5: 46184 | N5: 46185 | O5: 46186 | P5: 46187 | Q5: 46188 | R5: 46189 | S5: 46190 | T5: 46191 | U5: 46192 | V5: 46193 | W5: 46194 | X5: 46195 | Y5: 46196 | Z5: 46197 | AA5: 46198 | AB5: 46199 | AC5: 46200 | AD5: 46201 | AE5: 46202 | AF5: 46203
A6: 1 | B6: =Annual_Report!B2 -> 0 | AH6: =COUNTIF($C6:$AG6, "ح") -> 0 | AI6: =COUNTIF($C6:$AG6, "غ") -> 0 | AJ6: =COUNTIF($C6:$AG6, "ج") -> 0 | AK6: =COUNTIF($C6:$AG6, "م") -> 0
A7: 2 | B7: =Annual_Report!B3 -> 0 | AH7: =COUNTIF($C7:$AG7, "ح") -> 0 | AI7: =COUNTIF($C7:$AG7, "غ") -> 0 | AJ7: =COUNTIF($C7:$AG7, "ج") -> 0 | AK7: =COUNTIF($C7:$AG7, "م") -> 0
A8: 3 | B8: =Annual_Report!B4 -> 0 | AH8: =COUNTIF($C8:$AG8, "ح") -> 0 | AI8: =COUNTIF($C8:$AG8, "غ") -> 0 | AJ8: =COUNTIF($C8:$AG8, "ج") -> 0 | AK8: =COUNTIF($C8:$AG8, "م") -> 0
A9: 4 | B9: =Annual_Report!B5 -> 0 | AH9: =COUNTIF($C9:$AG9, "ح") -> 0 | AI9: =COUNTIF($C9:$AG9, "غ") -> 0 | AJ9: =COUNTIF($C9:$AG9, "ج") -> 0 | AK9: =COUNTIF($C9:$AG9, "م") -> 0
A10: 5 | B10: =Annual_Report!B6 -> 0 | AH10: =COUNTIF($C10:$AG10, "ح") -> 0 | AI10: =COUNTIF($C10:$AG10, "غ") -> 0 | AJ10: =COUNTIF($C10:$AG10, "ج") -> 0 | AK10: =COUNTIF($C10:$AG10, "م") -> 0
A11: 6 | B11: =Annual_Report!B7 -> 0 | AH11: =COUNTIF($C11:$AG11, "ح") -> 0 | AI11: =COUNTIF($C11:$AG11, "غ") -> 0 | AJ11: =COUNTIF($C11:$AG11, "ج") -> 0 | AK11: =COUNTIF($C11:$AG11, "م") -> 0
A12: 7 | B12: =Annual_Report!B8 -> 0 | AH12: =COUNTIF($C12:$AG12, "ح") -> 0 | AI12: =COUNTIF($C12:$AG12, "غ") -> 0 | AJ12: =COUNTIF($C12:$AG12, "ج") -> 0 | AK12: =COUNTIF($C12:$AG12, "م") -> 0
A13: 8 | B13: =Annual_Report!B9 -> 0 | AH13: =COUNTIF($C13:$AG13, "ح") -> 0 | AI13: =COUNTIF($C13:$AG13, "غ") -> 0 | AJ13: =COUNTIF($C13:$AG13, "ج") -> 0 | AK13: =COUNTIF($C13:$AG13, "م") -> 0
A14: 9 | B14: =Annual_Report!B10 -> 0 | AH14: =COUNTIF($C14:$AG14, "ح") -> 0 | AI14: =COUNTIF($C14:$AG14, "غ") -> 0 | AJ14: =COUNTIF($C14:$AG14, "ج") -> 0 | AK14: =COUNTIF($C14:$AG14, "م") -> 0
A15: 10 | B15: =Annual_Report!B11 -> 0 | AH15: =COUNTIF($C15:$AG15, "ح") -> 0 | AI15: =COUNTIF($C15:$AG15, "غ") -> 0 | AJ15: =COUNTIF($C15:$AG15, "ج") -> 0 | AK15: =COUNTIF($C15:$AG15, "م") -> 0
A16: 11 | B16: =Annual_Report!B12 -> 0 | AH16: =COUNTIF($C16:$AG16, "ح") -> 0 | AI16: =COUNTIF($C16:$AG16, "غ") -> 0 | AJ16: =COUNTIF($C16:$AG16, "ج") -> 0 | AK16: =COUNTIF($C16:$AG16, "م") -> 0
A17: 12 | B17: =Annual_Report!B13 -> 0 | AH17: =COUNTIF($C17:$AG17, "ح") -> 0 | AI17: =COUNTIF($C17:$AG17, "غ") -> 0 | AJ17: =COUNTIF($C17:$AG17, "ج") -> 0 | AK17: =COUNTIF($C17:$AG17, "م") -> 0
... A105: 100 | B105: =Annual_Report!B101 -> 0 | AH105: =COUNTIF($C105:$AG105, "ح") -> 0 | AI105: =COUNTIF($C105:$AG105, "غ") -> 0 | AJ105: =COUNTIF($C105:$AG105, "ج") -> 0 | AK105: =COUNTIF($C105:$AG105, "م") -> 0

Sheet July
C1: الحالة: | D1: حضور | E1: غياب | F1: إجازة | G1: مرضي
C2: الاختصار: | D2: ح | E2: غ | F2: ج | G2: م
A4: م | B4: اسم الموظف | C4: =CHOOSE(WEEKDAY(C5), "الأحد","الاثنين","الثلاثاء","الأربعاء","الخميس","الجمعة","السبت") -> الأربعاء | D4: =CHOOSE(WEEKDAY(D5), "الأحد","الاثنين","الثلاثاء","الأربعاء","الخميس","الجمعة","السبت") -> الخميس | E4: =CHOOSE(WEEKDAY(E5), "الأحد","الاثنين","الثلاثاء","الأربعاء","الخميس","الجمعة","السبت") -> الجمعة | F4: =CHOOSE(WEEKDAY(F5), "الأحد","الاثنين","الثلاثاء","الأربعاء","الخميس","الجمعة","السبت") -> السبت | G4: =CHOOSE(WEEKDAY(G5), "الأحد","الاثنين","الثلاثاء","الأربعاء","الخميس","الجمعة","السبت") -> الأحد | H4: =CHOOSE(WEEKDAY(H5), "الأحد","الاثنين","الثلاثاء","الأربعاء","الخميس","الجمعة","السبت") -> الاثنين | I4: =CHOOSE(WEEKDAY(I5), "الأحد","الاثنين","الثلاثاء","الأربعاء","الخميس","الجمعة","السبت") -> الثلاثاء | J4: =CHOOSE(WEEKDAY(J5), "الأحد","الاثنين","الثلاثاء","الأربعاء","الخميس","الجمعة","السبت") -> الأربعاء | ... AG4: =CHOOSE(WEEKDAY(AG5), "الأحد","الاثنين","الثلاثاء","الأربعاء","الخميس","الجمعة","السبت") -> الجمعة | AH4: حضور | AI4: غياب | AJ4: إجازة | AK4: مرضي
C5: {=_xlfn.SEQUENCE(1, DAY(EOMONTH(DATE(2026,7,1),0)), DATE(2026,7,1))} -> 46204 | D5: 46205 | E5: 46206 | F5: 46207 | G5: 46208 | H5: 46209 | I5: 46210 | J5: 46211 | K5: 46212 | L5: 46213 | M5: 46214 | N5: 46215 | O5: 46216 | P5: 46217 | Q5: 46218 | R5: 46219 | S5: 46220 | T5: 46221 | U5: 46222 | V5: 46223 | W5: 46224 | X5: 46225 | Y5: 46226 | Z5: 46227 | AA5: 46228 | AB5: 46229 | AC5: 46230 | AD5: 46231 | AE5: 46232 | AF5: 46233 | AG5: 46234
A6: 1 | B6: =Annual_Report!B2 -> 0 | AH6: =COUNTIF($C6:$AG6, "ح") -> 0 | AI6: =COUNTIF($C6:$AG6, "غ") -> 0 | AJ6: =COUNTIF($C6:$AG6, "ج") -> 0 | AK6: =COUNTIF($C6:$AG6, "م") -> 0
A7: 2 | B7: =Annual_Report!B3 -> 0 | AH7: =COUNTIF($C7:$AG7, "ح") -> 0 | AI7: =COUNTIF($C7:$AG7, "غ") -> 0 | AJ7: =COUNTIF($C7:$AG7, "ج") -> 0 | AK7: =COUNTIF($C7:$AG7, "م") -> 0
A8: 3 | B8: =Annual_Report!B4 -> 0 | AH8: =COUNTIF($C8:$AG8, "ح") -> 0 | AI8: =COUNTIF($C8:$AG8, "غ") -> 0 | AJ8: =COUNTIF($C8:$AG8, "ج") -> 0 | AK8: =COUNTIF($C8:$AG8, "م") -> 0
A9: 4 | B9: =Annual_Report!B5 -> 0 | AH9: =COUNTIF($C9:$AG9, "ح") -> 0 | AI9: =COUNTIF($C9:$AG9, "غ") -> 0 | AJ9: =COUNTIF($C9:$AG9, "ج") -> 0 | AK9: =COUNTIF($C9:$AG9, "م") -> 0
A10: 5 | B10: =Annual_Report!B6 -> 0 | AH10: =COUNTIF($C10:$AG10, "ح") -> 0 | AI10: =COUNTIF($C10:$AG10, "غ") -> 0 | AJ10: =COUNTIF($C10:$AG10, "ج") -> 0 | AK10: =COUNTIF($C10:$AG10, "م") -> 0
A11: 6 | B11: =Annual_Report!B7 -> 0 | AH11: =COUNTIF($C11:$AG11, "ح") -> 0 | AI11: =COUNTIF($C11:$AG11, "غ") -> 0 | AJ11: =COUNTIF($C11:$AG11, "ج") -> 0 | AK11: =COUNTIF($C11:$AG11, "م") -> 0
A12: 7 | B12: =Annual_Report!B8 -> 0 | AH12: =COUNTIF($C12:$AG12, "ح") -> 0 | AI12: =COUNTIF($C12:$AG12, "غ") -> 0 | AJ12: =COUNTIF($C12:$AG12, "ج") -> 0 | AK12: =COUNTIF($C12:$AG12, "م") -> 0
A13: 8 | B13: =Annual_Report!B9 -> 0 | AH13: =COUNTIF($C13:$AG13, "ح") -> 0 | AI13: =COUNTIF($C13:$AG13, "غ") -> 0 | AJ13: =COUNTIF($C13:$AG13, "ج") -> 0 | AK13: =COUNTIF($C13:$AG13, "م") -> 0
A14: 9 | B14: =Annual_Report!B10 -> 0 | AH14: =COUNTIF($C14:$AG14, "ح") -> 0 | AI14: =COUNTIF($C14:$AG14, "غ") -> 0 | AJ14: =COUNTIF($C14:$AG14, "ج") -> 0 | AK14: =COUNTIF($C14:$AG14, "م") -> 0
A15: 10 | B15: =Annual_Report!B11 -> 0 | AH15: =COUNTIF($C15:$AG15, "ح") -> 0 | AI15: =COUNTIF($C15:$AG15, "غ") -> 0 | AJ15: =COUNTIF($C15:$AG15, "ج") -> 0 | AK15: =COUNTIF($C15:$AG15, "م") -> 0
A16: 11 | B16: =Annual_Report!B12 -> 0 | AH16: =COUNTIF($C16:$AG16, "ح") -> 0 | AI16: =COUNTIF($C16:$AG16, "غ") -> 0 | AJ16: =COUNTIF($C16:$AG16, "ج") -> 0 | AK16: =COUNTIF($C16:$AG16, "م") -> 0
A17: 12 | B17: =Annual_Report!B13 -> 0 | AH17: =COUNTIF($C17:$AG17, "ح") -> 0 | AI17: =COUNTIF($C17:$AG17, "غ") -> 0 | AJ17: =COUNTIF($C17:$AG17, "ج") -> 0 | AK17: =COUNTIF($C17:$AG17, "م") -> 0
... A105: 100 | B105: =Annual_Report!B101 -> 0 | AH105: =COUNTIF($C105:$AG105, "ح") -> 0 | AI105: =COUNTIF($C105:$AG105, "غ") -> 0 | AJ105: =COUNTIF($C105:$AG105, "ج") -> 0 | AK105: =COUNTIF($C105:$AG105, "م") -> 0

Sheet August
C1: الحالة: | D1: حضور | E1: غياب | F1: إجازة | G1: مرضي
C2: الاختصار: | D2: ح | E2: غ | F2: ج | G2: م
A4: م | B4: اسم الموظف | C4: =CHOOSE(WEEKDAY(C5), "الأحد","الاثنين","الثلاثاء","الأربعاء","الخميس","الجمعة","السبت") -> السبت | D4: =CHOOSE(WEEKDAY(D5), "الأحد","الاثنين","الثلاثاء","الأربعاء","الخميس","الجمعة","السبت") -> الأحد | E4: =CHOOSE(WEEKDAY(E5), "الأحد","الاثنين","الثلاثاء","الأربعاء","الخميس","الجمعة","السبت") -> الاثنين | F4: =CHOOSE(WEEKDAY(F5), "الأحد","الاثنين","الثلاثاء","الأربعاء","الخميس","الجمعة","السبت") -> الثلاثاء | G4: =CHOOSE(WEEKDAY(G5), "الأحد","الاثنين","الثلاثاء","الأربعاء","الخميس","الجمعة","السبت") -> الأربعاء | H4: =CHOOSE(WEEKDAY(H5), "الأحد","الاثنين","الثلاثاء","الأربعاء","الخميس","الجمعة","السبت") -> الخميس | I4: =CHOOSE(WEEKDAY(I5), "الأحد","الاثنين","الثلاثاء","الأربعاء","الخميس","الجمعة","السبت") -> الجمعة | J4: =CHOOSE(WEEKDAY(J5), "الأحد","الاثنين","الثلاثاء","الأربعاء","الخميس","الجمعة","السبت") -> السبت | ... AG4: =CHOOSE(WEEKDAY(AG5), "الأحد","الاثنين","الثلاثاء","الأربعاء","الخميس","الجمعة","السبت") -> الاثنين | AH4: حضور | AI4: غياب | AJ4: إجازة | AK4: مرضي
C5: {=_xlfn.SEQUENCE(1, DAY(EOMONTH(DATE(2026,8,1),0)), DATE(2026,8,1))} -> 46235 | D5: 46236 | E5: 46237 | F5: 46238 | G5: 46239 | H5: 46240 | I5: 46241 | J5: 46242 | K5: 46243 | L5: 46244 | M5: 46245 | N5: 46246 | O5: 46247 | P5: 46248 | Q5: 46249 | R5: 46250 | S5: 46251 | T5: 46252 | U5: 46253 | V5: 46254 | W5: 46255 | X5: 46256 | Y5: 46257 | Z5: 46258 | AA5: 46259 | AB5: 46260 | AC5: 46261 | AD5: 46262 | AE5: 46263 | AF5: 46264 | AG5: 46265
A6: 1 | B6: =Annual_Report!B2 -> 0 | AH6: =COUNTIF($C6:$AG6, "ح") -> 0 | AI6: =COUNTIF($C6:$AG6, "غ") -> 0 | AJ6: =COUNTIF($C6:$AG6, "ج") -> 0 | AK6: =COUNTIF($C6:$AG6, "م") -> 0
A7: 2 | B7: =Annual_Report!B3 -> 0 | AH7: =COUNTIF($C7:$AG7, "ح") -> 0 | AI7: =COUNTIF($C7:$AG7, "غ") -> 0 | AJ7: =COUNTIF($C7:$AG7, "ج") -> 0 | AK7: =COUNTIF($C7:$AG7, "م") -> 0
A8: 3 | B8: =Annual_Report!B4 -> 0 | AH8: =COUNTIF($C8:$AG8, "ح") -> 0 | AI8: =COUNTIF($C8:$AG8, "غ") -> 0 | AJ8: =COUNTIF($C8:$AG8, "ج") -> 0 | AK8: =COUNTIF($C8:$AG8, "م") -> 0
A9: 4 | B9: =Annual_Report!B5 -> 0 | AH9: =COUNTIF($C9:$AG9, "ح") -> 0 | AI9: =COUNTIF($C9:$AG9, "غ") -> 0 | AJ9: =COUNTIF($C9:$AG9, "ج") -> 0 | AK9: =COUNTIF($C9:$AG9, "م") -> 0
A10: 5 | B10: =Annual_Report!B6 -> 0 | AH10: =COUNTIF($C10:$AG10, "ح") -> 0 | AI10: =COUNTIF($C10:$AG10, "غ") -> 0 | AJ10: =COUNTIF($C10:$AG10, "ج") -> 0 | AK10: =COUNTIF($C10:$AG10, "م") -> 0
A11: 6 | B11: =Annual_Report!B7 -> 0 | AH11: =COUNTIF($C11:$AG11, "ح") -> 0 | AI11: =COUNTIF($C11:$AG11, "غ") -> 0 | AJ11: =COUNTIF($C11:$AG11, "ج") -> 0 | AK11: =COUNTIF($C11:$AG11, "م") -> 0
A12: 7 | B12: =Annual_Report!B8 -> 0 | AH12: =COUNTIF($C12:$AG12, "ح") -> 0 | AI12: =COUNTIF($C12:$AG12, "غ") -> 0 | AJ12: =COUNTIF($C12:$AG12, "ج") -> 0 | AK12: =COUNTIF($C12:$AG12, "م") -> 0
A13: 8 | B13: =Annual_Report!B9 -> 0 | AH13: =COUNTIF($C13:$AG13, "ح") -> 0 | AI13: =COUNTIF($C13:$AG13, "غ") -> 0 | AJ13: =COUNTIF($C13:$AG13, "ج") -> 0 | AK13: =COUNTIF($C13:$AG13, "م") -> 0
A14: 9 | B14: =Annual_Report!B10 -> 0 | AH14: =COUNTIF($C14:$AG14, "ح") -> 0 | AI14: =COUNTIF($C14:$AG14, "غ") -> 0 | AJ14: =COUNTIF($C14:$AG14, "ج") -> 0 | AK14: =COUNTIF($C14:$AG14, "م") -> 0
A15: 10 | B15: =Annual_Report!B11 -> 0 | AH15: =COUNTIF($C15:$AG15, "ح") -> 0 | AI15: =COUNTIF($C15:$AG15, "غ") -> 0 | AJ15: =COUNTIF($C15:$AG15, "ج") -> 0 | AK15: =COUNTIF($C15:$AG15, "م") -> 0
A16: 11 | B16: =Annual_Report!B12 -> 0 | AH16: =COUNTIF($C16:$AG16, "ح") -> 0 | AI16: =COUNTIF($C16:$AG16, "غ") -> 0 | AJ16: =COUNTIF($C16:$AG16, "ج") -> 0 | AK16: =COUNTIF($C16:$AG16, "م") -> 0
A17: 12 | B17: =Annual_Report!B13 -> 0 | AH17: =COUNTIF($C17:$AG17, "ح") -> 0 | AI17: =COUNTIF($C17:$AG17, "غ") -> 0 | AJ17: =COUNTIF($C17:$AG17, "ج") -> 0 | AK17: =COUNTIF($C17:$AG17, "م") -> 0
... A105: 100 | B105: =Annual_Report!B101 -> 0 | AH105: =COUNTIF($C105:$AG105, "ح") -> 0 | AI105: =COUNTIF($C105:$AG105, "غ") -> 0 | AJ105: =COUNTIF($C105:$AG105, "ج") -> 0 | AK105: =COUNTIF($C105:$AG105, "م") -> 0

Sheet September
C1: الحالة: | D1: حضور | E1: غياب | F1: إجازة | G1: مرضي
C2: الاختصار: | D2: ح | E2: غ | F2: ج | G2: م
A4: م | B4: اسم الموظف | C4: =CHOOSE(WEEKDAY(C5), "الأحد","الاثنين","الثلاثاء","الأربعاء","الخميس","الجمعة","السبت") -> الثلاثاء | D4: =CHOOSE(WEEKDAY(D5), "الأحد","الاثنين","الثلاثاء","الأربعاء","الخميس","الجمعة","السبت") -> الأربعاء | E4: =CHOOSE(WEEKDAY(E5), "الأحد","الاثنين","الثلاثاء","الأربعاء","الخميس","الجمعة","السبت") -> الخميس | F4: =CHOOSE(WEEKDAY(F5), "الأحد","الاثنين","الثلاثاء","الأربعاء","الخميس","الجمعة","السبت") -> الجمعة | G4: =CHOOSE(WEEKDAY(G5), "الأحد","الاثنين","الثلاثاء","الأربعاء","الخميس","الجمعة","السبت") -> السبت | H4: =CHOOSE(WEEKDAY(H5), "الأحد","الاثنين","الثلاثاء","الأربعاء","الخميس","الجمعة","السبت") -> الأحد | I4: =CHOOSE(WEEKDAY(I5), "الأحد","الاثنين","الثلاثاء","الأربعاء","الخميس","الجمعة","السبت") -> الاثنين | J4: =CHOOSE(WEEKDAY(J5), "الأحد","الاثنين","الثلاثاء","الأربعاء","الخميس","الجمعة","السبت") -> الثلاثاء | ... AG4: =CHOOSE(WEEKDAY(AG5), "الأحد","الاثنين","الثلاثاء","الأربعاء","الخميس","الجمعة","السبت") -> السبت | AH4: حضور | AI4: غياب | AJ4: إجازة | AK4: مرضي
C5: {=_xlfn.SEQUENCE(1, DAY(EOMONTH(DATE(2026,9,1),0)), DATE(2026,9,1))} -> 46266 | D5: 46267 | E5: 46268 | F5: 46269 | G5: 46270 | H5: 46271 | I5: 46272 | J5: 46273 | K5: 46274 | L5: 46275 | M5: 46276 | N5: 46277 | O5: 46278 | P5: 46279 | Q5: 46280 | R5: 46281 | S5: 46282 | T5: 46283 | U5: 46284 | V5: 46285 | W5: 46286 | X5: 46287 | Y5: 46288 | Z5: 46289 | AA5: 46290 | AB5: 46291 | AC5: 46292 | AD5: 46293 | AE5: 46294 | AF5: 46295
A6: 1 | B6: =Annual_Report!B2 -> 0 | AH6: =COUNTIF($C6:$AG6, "ح") -> 0 | AI6: =COUNTIF($C6:$AG6, "غ") -> 0 | AJ6: =COUNTIF($C6:$AG6, "ج") -> 0 | AK6: =COUNTIF($C6:$AG6, "م") -> 0
A7: 2 | B7: =Annual_Report!B3 -> 0 | AH7: =COUNTIF($C7:$AG7, "ح") -> 0 | AI7: =COUNTIF($C7:$AG7, "غ") -> 0 | AJ7: =COUNTIF($C7:$AG7, "ج") -> 0 | AK7: =COUNTIF($C7:$AG7, "م") -> 0
A8: 3 | B8: =Annual_Report!B4 -> 0 | AH8: =COUNTIF($C8:$AG8, "ح") -> 0 | AI8: =COUNTIF($C8:$AG8, "غ") -> 0 | AJ8: =COUNTIF($C8:$AG8, "ج") -> 0 | AK8: =COUNTIF($C8:$AG8, "م") -> 0
A9: 4 | B9: =Annual_Report!B5 -> 0 | AH9: =COUNTIF($C9:$AG9, "ح") -> 0 | AI9: =COUNTIF($C9:$AG9, "غ") -> 0 | AJ9: =COUNTIF($C9:$AG9, "ج") -> 0 | AK9: =COUNTIF($C9:$AG9, "م") -> 0
A10: 5 | B10: =Annual_Report!B6 -> 0 | AH10: =COUNTIF($C10:$AG10, "ح") -> 0 | AI10: =COUNTIF($C10:$AG10, "غ") -> 0 | AJ10: =COUNTIF($C10:$AG10, "ج") -> 0 | AK10: =COUNTIF($C10:$AG10, "م") -> 0
A11: 6 | B11: =Annual_Report!B7 -> 0 | AH11: =COUNTIF($C11:$AG11, "ح") -> 0 | AI11: =COUNTIF($C11:$AG11, "غ") -> 0 | AJ11: =COUNTIF($C11:$AG11, "ج") -> 0 | AK11: =COUNTIF($C11:$AG11, "م") -> 0
A12: 7 | B12: =Annual_Report!B8 -> 0 | AH12: =COUNTIF($C12:$AG12, "ح") -> 0 | AI12: =COUNTIF($C12:$AG12, "غ") -> 0 | AJ12: =COUNTIF($C12:$AG12, "ج") -> 0 | AK12: =COUNTIF($C12:$AG12, "م") -> 0
A13: 8 | B13: =Annual_Report!B9 -> 0 | AH13: =COUNTIF($C13:$AG13, "ح") -> 0 | AI13: =COUNTIF($C13:$AG13, "غ") -> 0 | AJ13: =COUNTIF($C13:$AG13, "ج") -> 0 | AK13: =COUNTIF($C13:$AG13, "م") -> 0
A14: 9 | B14: =Annual_Report!B10 -> 0 | AH14: =COUNTIF($C14:$AG14, "ح") -> 0 | AI14: =COUNTIF($C14:$AG14, "غ") -> 0 | AJ14: =COUNTIF($C14:$AG14, "ج") -> 0 | AK14: =COUNTIF($C14:$AG14, "م") -> 0
A15: 10 | B15: =Annual_Report!B11 -> 0 | AH15: =COUNTIF($C15:$AG15, "ح") -> 0 | AI15: =COUNTIF($C15:$AG15, "غ") -> 0 | AJ15: =COUNTIF($C15:$AG15, "ج") -> 0 | AK15: =COUNTIF($C15:$AG15, "م") -> 0
A16: 11 | B16: =Annual_Report!B12 -> 0 | AH16: =COUNTIF($C16:$AG16, "ح") -> 0 | AI16: =COUNTIF($C16:$AG16, "غ") -> 0 | AJ16: =COUNTIF($C16:$AG16, "ج") -> 0 | AK16: =COUNTIF($C16:$AG16, "م") -> 0
A17: 12 | B17: =Annual_Report!B13 -> 0 | AH17: =COUNTIF($C17:$AG17, "ح") -> 0 | AI17: =COUNTIF($C17:$AG17, "غ") -> 0 | AJ17: =COUNTIF($C17:$AG17, "ج") -> 0 | AK17: =COUNTIF($C17:$AG17, "م") -> 0
... A105: 100 | B105: =Annual_Report!B101 -> 0 | AH105: =COUNTIF($C105:$AG105, "ح") -> 0 | AI105: =COUNTIF($C105:$AG105, "غ") -> 0 | AJ105: =COUNTIF($C105:$AG105, "ج") -> 0 | AK105: =COUNTIF($C105:$AG105, "م") -> 0

Sheet October
C1: الحالة: | D1: حضور | E1: غياب | F1: إجازة | G1: مرضي
C2: الاختصار: | D2: ح | E2: غ | F2: ج | G2: م
A4: م | B4: اسم الموظف | C4: =CHOOSE(WEEKDAY(C5), "الأحد","الاثنين","الثلاثاء","الأربعاء","الخميس","الجمعة","السبت") -> الخميس | D4: =CHOOSE(WEEKDAY(D5), "الأحد","الاثنين","الثلاثاء","الأربعاء","الخميس","الجمعة","السبت") -> الجمعة | E4: =CHOOSE(WEEKDAY(E5), "الأحد","الاثنين","الثلاثاء","الأربعاء","الخميس","الجمعة","السبت") -> السبت | F4: =CHOOSE(WEEKDAY(F5), "الأحد","الاثنين","الثلاثاء","الأربعاء","الخميس","الجمعة","السبت") -> الأحد | G4: =CHOOSE(WEEKDAY(G5), "الأحد","الاثنين","الثلاثاء","الأربعاء","الخميس","الجمعة","السبت") -> الاثنين | H4: =CHOOSE(WEEKDAY(H5), "الأحد","الاثنين","الثلاثاء","الأربعاء","الخميس","الجمعة","السبت") -> الثلاثاء | I4: =CHOOSE(WEEKDAY(I5), "الأحد","الاثنين","الثلاثاء","الأربعاء","الخميس","الجمعة","السبت") -> الأربعاء | J4: =CHOOSE(WEEKDAY(J5), "الأحد","الاثنين","الثلاثاء","الأربعاء","الخميس","الجمعة","السبت") -> الخميس | ... AG4: =CHOOSE(WEEKDAY(AG5), "الأحد","الاثنين","الثلاثاء","الأربعاء","الخميس","الجمعة","السبت") -> السبت | AH4: حضور | AI4: غياب | AJ4: إجازة | AK4: مرضي
C5: {=_xlfn.SEQUENCE(1, DAY(EOMONTH(DATE(2026,10,1),0)), DATE(2026,10,1))} -> 46296 | D5: 46297 | E5: 46298 | F5: 46299 | G5: 46300 | H5: 46301 | I5: 46302 | J5: 46303 | K5: 46304 | L5: 46305 | M5: 46306 | N5: 46307 | O5: 46308 | P5: 46309 | Q5: 46310 | R5: 46311 | S5: 46312 | T5: 46313 | U5: 46314 | V5: 46315 | W5: 46316 | X5: 46317 | Y5: 46318 | Z5: 46319 | AA5: 46320 | AB5: 46321 | AC5: 46322 | AD5: 46323 | AE5: 46324 | AF5: 46325 | AG5: 46326
A6: 1 | B6: =Annual_Report!B2 -> 0 | AH6: =COUNTIF($C6:$AG6, "ح") -> 0 | AI6: =COUNTIF($C6:$AG6, "غ") -> 0 | AJ6: =COUNTIF($C6:$AG6, "ج") -> 0 | AK6: =COUNTIF($C6:$AG6, "م") -> 0
A7: 2 | B7: =Annual_Report!B3 -> 0 | AH7: =COUNTIF($C7:$AG7, "ح") -> 0 | AI7: =COUNTIF($C7:$AG7, "غ") -> 0 | AJ7: =COUNTIF($C7:$AG7, "ج") -> 0 | AK7: =COUNTIF($C7:$AG7, "م") -> 0
A8: 3 | B8: =Annual_Report!B4 -> 0 | AH8: =COUNTIF($C8:$AG8, "ح") -> 0 | AI8: =COUNTIF($C8:$AG8, "غ") -> 0 | AJ8: =COUNTIF($C8:$AG8, "ج") -> 0 | AK8: =COUNTIF($C8:$AG8, "م") -> 0
A9: 4 | B9: =Annual_Report!B5 -> 0 | AH9: =COUNTIF($C9:$AG9, "ح") -> 0 | AI9: =COUNTIF($C9:$AG9, "غ") -> 0 | AJ9: =COUNTIF($C9:$AG9, "ج") -> 0 | AK9: =COUNTIF($C9:$AG9, "م") -> 0
A10: 5 | B10: =Annual_Report!B6 -> 0 | AH10: =COUNTIF($C10:$AG10, "ح") -> 0 | AI10: =COUNTIF($C10:$AG10, "غ") -> 0 | AJ10: =COUNTIF($C10:$AG10, "ج") -> 0 | AK10: =COUNTIF($C10:$AG10, "م") -> 0
A11: 6 | B11: =Annual_Report!B7 -> 0 | AH11: =COUNTIF($C11:$AG11, "ح") -> 0 | AI11: =COUNTIF($C11:$AG11, "غ") -> 0 | AJ11: =COUNTIF($C11:$AG11, "ج") -> 0 | AK11: =COUNTIF($C11:$AG11, "م") -> 0
A12: 7 | B12: =Annual_Report!B8 -> 0 | AH12: =COUNTIF($C12:$AG12, "ح") -> 0 | AI12: =COUNTIF($C12:$AG12, "غ") -> 0 | AJ12: =COUNTIF($C12:$AG12, "ج") -> 0 | AK12: =COUNTIF($C12:$AG12, "م") -> 0
A13: 8 | B13: =Annual_Report!B9 -> 0 | AH13: =COUNTIF($C13:$AG13, "ح") -> 0 | AI13: =COUNTIF($C13:$AG13, "غ") -> 0 | AJ13: =COUNTIF($C13:$AG13, "ج") -> 0 | AK13: =COUNTIF($C13:$AG13, "م") -> 0
A14: 9 | B14: =Annual_Report!B10 -> 0 | AH14: =COUNTIF($C14:$AG14, "ح") -> 0 | AI14: =COUNTIF($C14:$AG14, "غ") -> 0 | AJ14: =COUNTIF($C14:$AG14, "ج") -> 0 | AK14: =COUNTIF($C14:$AG14, "م") -> 0
A15: 10 | B15: =Annual_Report!B11 -> 0 | AH15: =COUNTIF($C15:$AG15, "ح") -> 0 | AI15: =COUNTIF($C15:$AG15, "غ") -> 0 | AJ15: =COUNTIF($C15:$AG15, "ج") -> 0 | AK15: =COUNTIF($C15:$AG15, "م") -> 0
A16: 11 | B16: =Annual_Report!B12 -> 0 | AH16: =COUNTIF($C16:$AG16, "ح") -> 0 | AI16: =COUNTIF($C16:$AG16, "غ") -> 0 | AJ16: =COUNTIF($C16:$AG16, "ج") -> 0 | AK16: =COUNTIF($C16:$AG16, "م") -> 0
A17: 12 | B17: =Annual_Report!B13 -> 0 | AH17: =COUNTIF($C17:$AG17, "ح") -> 0 | AI17: =COUNTIF($C17:$AG17, "غ") -> 0 | AJ17: =COUNTIF($C17:$AG17, "ج") -> 0 | AK17: =COUNTIF($C17:$AG17, "م") -> 0
... A105: 100 | B105: =Annual_Report!B101 -> 0 | AH105: =COUNTIF($C105:$AG105, "ح") -> 0 | AI105: =COUNTIF($C105:$AG105, "غ") -> 0 | AJ105: =COUNTIF($C105:$AG105, "ج") -> 0 | AK105: =COUNTIF($C105:$AG105, "م") -> 0

Sheet November
C1: الحالة: | D1: حضور | E1: غياب | F1: إجازة | G1: مرضي
C2: الاختصار: | D2: ح | E2: غ | F2: ج | G2: م
A4: م | B4: اسم الموظف | C4: =CHOOSE(WEEKDAY(C5), "الأحد","الاثنين","الثلاثاء","الأربعاء","الخميس","الجمعة","السبت") -> الأحد | D4: =CHOOSE(WEEKDAY(D5), "الأحد","الاثنين","الثلاثاء","الأربعاء","الخميس","الجمعة","السبت") -> الاثنين | E4: =CHOOSE(WEEKDAY(E5), "الأحد","الاثنين","الثلاثاء","الأربعاء","الخميس","الجمعة","السبت") -> الثلاثاء | F4: =CHOOSE(WEEKDAY(F5), "الأحد","الاثنين","الثلاثاء","الأربعاء","الخميس","الجمعة","السبت") -> الأربعاء | G4: =CHOOSE(WEEKDAY(G5), "الأحد","الاثنين","الثلاثاء","الأربعاء","الخميس","الجمعة","السبت") -> الخميس | H4: =CHOOSE(WEEKDAY(H5), "الأحد","الاثنين","الثلاثاء","الأربعاء","الخميس","الجمعة","السبت") -> الجمعة | I4: =CHOOSE(WEEKDAY(I5), "الأحد","الاثنين","الثلاثاء","الأربعاء","الخميس","الجمعة","السبت") -> السبت | J4: =CHOOSE(WEEKDAY(J5), "الأحد","الاثنين","الثلاثاء","الأربعاء","الخميس","الجمعة","السبت") -> الأحد | ... AG4: =CHOOSE(WEEKDAY(AG5), "الأحد","الاثنين","الثلاثاء","الأربعاء","الخميس","الجمعة","السبت") -> السبت | AH4: حضور | AI4: غياب | AJ4: إجازة | AK4: مرضي
C5: {=_xlfn.SEQUENCE(1, DAY(EOMONTH(DATE(2026,11,1),0)), DATE(2026,11,1))} -> 46327 | D5: 46328 | E5: 46329 | F5: 46330 | G5: 46331 | H5: 46332 | I5: 46333 | J5: 46334 | K5: 46335 | L5: 46336 | M5: 46337 | N5: 46338 | O5: 46339 | P5: 46340 | Q5: 46341 | R5: 46342 | S5: 46343 | T5: 46344 | U5: 46345 | V5: 46346 | W5: 46347 | X5: 46348 | Y5: 46349 | Z5: 46350 | AA5: 46351 | AB5: 46352 | AC5: 46353 | AD5: 46354 | AE5: 46355 | AF5: 46356
A6: 1 | B6: =Annual_Report!B2 -> 0 | AH6: =COUNTIF($C6:$AG6, "ح") -> 0 | AI6: =COUNTIF($C6:$AG6, "غ") -> 0 | AJ6: =COUNTIF($C6:$AG6, "ج") -> 0 | AK6: =COUNTIF($C6:$AG6, "م") -> 0
A7: 2 | B7: =Annual_Report!B3 -> 0 | AH7: =COUNTIF($C7:$AG7, "ح") -> 0 | AI7: =COUNTIF($C7:$AG7, "غ") -> 0 | AJ7: =COUNTIF($C7:$AG7, "ج") -> 0 | AK7: =COUNTIF($C7:$AG7, "م") -> 0
A8: 3 | B8: =Annual_Report!B4 -> 0 | AH8: =COUNTIF($C8:$AG8, "ح") -> 0 | AI8: =COUNTIF($C8:$AG8, "غ") -> 0 | AJ8: =COUNTIF($C8:$AG8, "ج") -> 0 | AK8: =COUNTIF($C8:$AG8, "م") -> 0
A9: 4 | B9: =Annual_Report!B5 -> 0 | AH9: =COUNTIF($C9:$AG9, "ح") -> 0 | AI9: =COUNTIF($C9:$AG9, "غ") -> 0 | AJ9: =COUNTIF($C9:$AG9, "ج") -> 0 | AK9: =COUNTIF($C9:$AG9, "م") -> 0
A10: 5 | B10: =Annual_Report!B6 -> 0 | AH10: =COUNTIF($C10:$AG10, "ح") -> 0 | AI10: =COUNTIF($C10:$AG10, "غ") -> 0 | AJ10: =COUNTIF($C10:$AG10, "ج") -> 0 | AK10: =COUNTIF($C10:$AG10, "م") -> 0
A11: 6 | B11: =Annual_Report!B7 -> 0 | AH11: =COUNTIF($C11:$AG11, "ح") -> 0 | AI11: =COUNTIF($C11:$AG11, "غ") -> 0 | AJ11: =COUNTIF($C11:$AG11, "ج") -> 0 | AK11: =COUNTIF($C11:$AG11, "م") -> 0
A12: 7 | B12: =Annual_Report!B8 -> 0 | AH12: =COUNTIF($C12:$AG12, "ح") -> 0 | AI12: =COUNTIF($C12:$AG12, "غ") -> 0 | AJ12: =COUNTIF($C12:$AG12, "ج") -> 0 | AK12: =COUNTIF($C12:$AG12, "م") -> 0
A13: 8 | B13: =Annual_Report!B9 -> 0 | AH13: =COUNTIF($C13:$AG13, "ح") -> 0 | AI13: =COUNTIF($C13:$AG13, "غ") -> 0 | AJ13: =COUNTIF($C13:$AG13, "ج") -> 0 | AK13: =COUNTIF($C13:$AG13, "م") -> 0
A14: 9 | B14: =Annual_Report!B10 -> 0 | AH14: =COUNTIF($C14:$AG14, "ح") -> 0 | AI14: =COUNTIF($C14:$AG14, "غ") -> 0 | AJ14: =COUNTIF($C14:$AG14, "ج") -> 0 | AK14: =COUNTIF($C14:$AG14, "م") -> 0
A15: 10 | B15: =Annual_Report!B11 -> 0 | AH15: =COUNTIF($C15:$AG15, "ح") -> 0 | AI15: =COUNTIF($C15:$AG15, "غ") -> 0 | AJ15: =COUNTIF($C15:$AG15, "ج") -> 0 | AK15: =COUNTIF($C15:$AG15, "م") -> 0
A16: 11 | B16: =Annual_Report!B12 -> 0 | AH16: =COUNTIF($C16:$AG16, "ح") -> 0 | AI16: =COUNTIF($C16:$AG16, "غ") -> 0 | AJ16: =COUNTIF($C16:$AG16, "ج") -> 0 | AK16: =COUNTIF($C16:$AG16, "م") -> 0
A17: 12 | B17: =Annual_Report!B13 -> 0 | AH17: =COUNTIF($C17:$AG17, "ح") -> 0 | AI17: =COUNTIF($C17:$AG17, "غ") -> 0 | AJ17: =COUNTIF($C17:$AG17, "ج") -> 0 | AK17: =COUNTIF($C17:$AG17, "م") -> 0
... A105: 100 | B105: =Annual_Report!B101 -> 0 | AH105: =COUNTIF($C105:$AG105, "ح") -> 0 | AI105: =COUNTIF($C105:$AG105, "غ") -> 0 | AJ105: =COUNTIF($C105:$AG105, "ج") -> 0 | AK105: =COUNTIF($C105:$AG105, "م") -> 0

Sheet December
C1: الحالة: | D1: حضور | E1: غياب | F1: إجازة | G1: مرضي
C2: الاختصار: | D2: ح | E2: غ | F2: ج | G2: م
A4: م | B4: اسم الموظف | C4: =CHOOSE(WEEKDAY(C5), "الأحد","الاثنين","الثلاثاء","الأربعاء","الخميس","الجمعة","السبت") -> الثلاثاء | D4: =CHOOSE(WEEKDAY(D5), "الأحد","الاثنين","الثلاثاء","الأربعاء","الخميس","الجمعة","السبت") -> الأربعاء | E4: =CHOOSE(WEEKDAY(E5), "الأحد","الاثنين","الثلاثاء","الأربعاء","الخميس","الجمعة","السبت") -> الخميس | F4: =CHOOSE(WEEKDAY(F5), "الأحد","الاثنين","الثلاثاء","الأربعاء","الخميس","الجمعة","السبت") -> الجمعة | G4: =CHOOSE(WEEKDAY(G5), "الأحد","الاثنين","الثلاثاء","الأربعاء","الخميس","الجمعة","السبت") -> السبت | H4: =CHOOSE(WEEKDAY(H5), "الأحد","الاثنين","الثلاثاء","الأربعاء","الخميس","الجمعة","السبت") -> الأحد | I4: =CHOOSE(WEEKDAY(I5), "الأحد","الاثنين","الثلاثاء","الأربعاء","الخميس","الجمعة","السبت") -> الاثنين | J4: =CHOOSE(WEEKDAY(J5), "الأحد","الاثنين","الثلاثاء","الأربعاء","الخميس","الجمعة","السبت") -> الثلاثاء | ... AG4: =CHOOSE(WEEKDAY(AG5), "الأحد","الاثنين","الثلاثاء","الأربعاء","الخميس","الجمعة","السبت") -> الخميس | AH4: حضور | AI4: غياب | AJ4: إجازة | AK4: مرضي
C5: {=_xlfn.SEQUENCE(1, DAY(EOMONTH(DATE(2026,12,1),0)), DATE(2026,12,1))} -> 46357 | D5: 46358 | E5: 46359 | F5: 46360 | G5: 46361 | H5: 46362 | I5: 46363 | J5: 46364 | K5: 46365 | L5: 46366 | M5: 46367 | N5: 46368 | O5: 46369 | P5: 46370 | Q5: 46371 | R5: 46372 | S5: 46373 | T5: 46374 | U5: 46375 | V5: 46376 | W5: 46377 | X5: 46378 | Y5: 46379 | Z5: 46380 | AA5: 46381 | AB5: 46382 | AC5: 46383 | AD5: 46384 | AE5: 46385 | AF5: 46386 | AG5: 46387
A6: 1 | B6: =Annual_Report!B2 -> 0 | AH6: =COUNTIF($C6:$AG6, "ح") -> 0 | AI6: =COUNTIF($C6:$AG6, "غ") -> 0 | AJ6: =COUNTIF($C6:$AG6, "ج") -> 0 | AK6: =COUNTIF($C6:$AG6, "م") -> 0
A7: 2 | B7: =Annual_Report!B3 -> 0 | AH7: =COUNTIF($C7:$AG7, "ح") -> 0 | AI7: =COUNTIF($C7:$AG7, "غ") -> 0 | AJ7: =COUNTIF($C7:$AG7, "ج") -> 0 | AK7: =COUNTIF($C7:$AG7, "م") -> 0
A8: 3 | B8: =Annual_Report!B4 -> 0 | AH8: =COUNTIF($C8:$AG8, "ح") -> 0 | AI8: =COUNTIF($C8:$AG8, "غ") -> 0 | AJ8: =COUNTIF($C8:$AG8, "ج") -> 0 | AK8: =COUNTIF($C8:$AG8, "م") -> 0
A9: 4 | B9: =Annual_Report!B5 -> 0 | AH9: =COUNTIF($C9:$AG9, "ح") -> 0 | AI9: =COUNTIF($C9:$AG9, "غ") -> 0 | AJ9: =COUNTIF($C9:$AG9, "ج") -> 0 | AK9: =COUNTIF($C9:$AG9, "م") -> 0
A10: 5 | B10: =Annual_Report!B6 -> 0 | AH10: =COUNTIF($C10:$AG10, "ح") -> 0 | AI10: =COUNTIF($C10:$AG10, "غ") -> 0 | AJ10: =COUNTIF($C10:$AG10, "ج") -> 0 | AK10: =COUNTIF($C10:$AG10, "م") -> 0
A11: 6 | B11: =Annual_Report!B7 -> 0 | AH11: =COUNTIF($C11:$AG11, "ح") -> 0 | AI11: =COUNTIF($C11:$AG11, "غ") -> 0 | AJ11: =COUNTIF($C11:$AG11, "ج") -> 0 | AK11: =COUNTIF($C11:$AG11, "م") -> 0
A12: 7 | B12: =Annual_Report!B8 -> 0 | AH12: =COUNTIF($C12:$AG12, "ح") -> 0 | AI12: =COUNTIF($C12:$AG12, "غ") -> 0 | AJ12: =COUNTIF($C12:$AG12, "ج") -> 0 | AK12: =COUNTIF($C12:$AG12, "م") -> 0
A13: 8 | B13: =Annual_Report!B9 -> 0 | AH13: =COUNTIF($C13:$AG13, "ح") -> 0 | AI13: =COUNTIF($C13:$AG13, "غ") -> 0 | AJ13: =COUNTIF($C13:$AG13, "ج") -> 0 | AK13: =COUNTIF($C13:$AG13, "م") -> 0
A14: 9 | B14: =Annual_Report!B10 -> 0 | AH14: =COUNTIF($C14:$AG14, "ح") -> 0 | AI14: =COUNTIF($C14:$AG14, "غ") -> 0 | AJ14: =COUNTIF($C14:$AG14, "ج") -> 0 | AK14: =COUNTIF($C14:$AG14, "م") -> 0
A15: 10 | B15: =Annual_Report!B11 -> 0 | AH15: =COUNTIF($C15:$AG15, "ح") -> 0 | AI15: =COUNTIF($C15:$AG15, "غ") -> 0 | AJ15: =COUNTIF($C15:$AG15, "ج") -> 0 | AK15: =COUNTIF($C15:$AG15, "م") -> 0
A16: 11 | B16: =Annual_Report!B12 -> 0 | AH16: =COUNTIF($C16:$AG16, "ح") -> 0 | AI16: =COUNTIF($C16:$AG16, "غ") -> 0 | AJ16: =COUNTIF($C16:$AG16, "ج") -> 0 | AK16: =COUNTIF($C16:$AG16, "م") -> 0
A17: 12 | B17: =Annual_Report!B13 -> 0 | AH17: =COUNTIF($C17:$AG17, "ح") -> 0 | AI17: =COUNTIF($C17:$AG17, "غ") -> 0 | AJ17: =COUNTIF($C17:$AG17, "ج") -> 0 | AK17: =COUNTIF($C17:$AG17, "م") -> 0
... A105: 100 | B105: =Annual_Report!B101 -> 0 | AH105: =COUNTIF($C105:$AG105, "ح") -> 0 | AI105: =COUNTIF($C105:$AG105, "غ") -> 0 | AJ105: =COUNTIF($C105:$AG105, "ج") -> 0 | AK105: =COUNTIF($C105:$AG105, "م") -> 0

Sheet Dashboard
B2: لوحة تحكم الأداء
B4: اختر اسم الموظف:
B6: الحالة | C6: العدد | D6: النسبة
B7: حضور | C7: =VLOOKUP($C$4, Annual_Report!$B$2:$F$101, 2, 0) -> #N/A | D7: =IF(SUM($C$7:$C$10)=0, 0, C7/SUM($C$7:$C$10)) -> #N/A
B8: غياب | C8: =VLOOKUP($C$4, Annual_Report!$B$2:$F$101, 3, 0) -> #N/A | D8: =IF(SUM($C$7:$C$10)=0, 0, C8/SUM($C$7:$C$10)) -> #N/A
B9: إجازة | C9: =VLOOKUP($C$4, Annual_Report!$B$2:$F$101, 4, 0) -> #N/A | D9: =IF(SUM($C$7:$C$10)=0, 0, C9/SUM($C$7:$C$10)) -> #N/A
B10: مرضي | C10: =VLOOKUP($C$4, Annual_Report!$B$2:$F$101, 5, 0) -> #N/A | D10: =IF(SUM($C$7:$C$10)=0, 0, C10/SUM($C$7:$C$10)) -> #N/A
