Workbook

Sheet بيانات الإدخال
A1: العنصر | B1: القيمة
A2: سعر بيع الوحدة (جنيه) | B2: 150 | C2: يمكنك إدخال البيانات الخاصة بك
A3: التكلفة المتغيرة للوحدة (جنيه) | B3: 40
A4: إجمالي التكاليف الثابتة (جنيه) | B4: 12000
A6: هامش المساهمة للوحدة (جنيه) | B6: =B2-B3 -> 110
A7: نسبة هامش المساهمة (%) | B7: =B6/B2 -> 0.73333333
J8: تمهيدي ماچستير محاسبة
A9: نقطة التعادل بالوحدات | B9: =B4/B6 -> 109.09091 | D9: الباحث: أحمد محمد مهلهل احمد
A10: نقطة التعادل بالقيمة (جنيه) | B10: =B9*B2 -> 16363.636

Sheet تحليل العائد
A1: عدد الوحدات المباعة | B1: الإيرادات (جنيه) | C1: التكاليف المتغيرة (جنيه) | D1: التكاليف الثابتة (جنيه) | E1: إجمالي التكاليف (جنيه) | F1: الربح/الخسارة (جنيه)
A2: 0 | B2: ='بيانات الإدخال'!$B$2*A2 -> 0 | C2: =A2*'بيانات الإدخال'!$B$3 -> 0 | D2: ='بيانات الإدخال'!$B$4 -> 12000 | E2: =C2+D2 -> 12000 | F2: =B2-E2 -> -12000
A3: 50 | B3: ='بيانات الإدخال'!$B$2*A3 -> 7500 | C3: =A3*'بيانات الإدخال'!$B$3 -> 2000 | D3: ='بيانات الإدخال'!$B$4 -> 12000 | E3: =C3+D3 -> 14000 | F3: =B3-E3 -> -6500
A4: 100 | B4: ='بيانات الإدخال'!$B$2*A4 -> 15000 | C4: =A4*'بيانات الإدخال'!$B$3 -> 4000 | D4: ='بيانات الإدخال'!$B$4 -> 12000 | E4: =C4+D4 -> 16000 | F4: =B4-E4 -> -1000
A5: 150 | B5: ='بيانات الإدخال'!$B$2*A5 -> 22500 | C5: =A5*'بيانات الإدخال'!$B$3 -> 6000 | D5: ='بيانات الإدخال'!$B$4 -> 12000 | E5: =C5+D5 -> 18000 | F5: =B5-E5 -> 4500
A6: 200 | B6: ='بيانات الإدخال'!$B$2*A6 -> 30000 | C6: =A6*'بيانات الإدخال'!$B$3 -> 8000 | D6: ='بيانات الإدخال'!$B$4 -> 12000 | E6: =C6+D6 -> 20000 | F6: =B6-E6 -> 10000
A7: 250 | B7: ='بيانات الإدخال'!$B$2*A7 -> 37500 | C7: =A7*'بيانات الإدخال'!$B$3 -> 10000 | D7: ='بيانات الإدخال'!$B$4 -> 12000 | E7: =C7+D7 -> 22000 | F7: =B7-E7 -> 15500
A8: 300 | B8: ='بيانات الإدخال'!$B$2*A8 -> 45000 | C8: =A8*'بيانات الإدخال'!$B$3 -> 12000 | D8: ='بيانات الإدخال'!$B$4 -> 12000 | E8: =C8+D8 -> 24000 | F8: =B8-E8 -> 21000
A9: 350 | B9: ='بيانات الإدخال'!$B$2*A9 -> 52500 | C9: =A9*'بيانات الإدخال'!$B$3 -> 14000 | D9: ='بيانات الإدخال'!$B$4 -> 12000 | E9: =C9+D9 -> 26000 | F9: =B9-E9 -> 26500
A10: 400 | B10: ='بيانات الإدخال'!$B$2*A10 -> 60000 | C10: =A10*'بيانات الإدخال'!$B$3 -> 16000 | D10: ='بيانات الإدخال'!$B$4 -> 12000 | E10: =C10+D10 -> 28000 | F10: =B10-E10 -> 32000
A11: 450 | B11: ='بيانات الإدخال'!$B$2*A11 -> 67500 | C11: =A11*'بيانات الإدخال'!$B$3 -> 18000 | D11: ='بيانات الإدخال'!$B$4 -> 12000 | E11: =C11+D11 -> 30000 | F11: =B11-E11 -> 37500
A12: 500 | B12: ='بيانات الإدخال'!$B$2*A12 -> 75000 | C12: =A12*'بيانات الإدخال'!$B$3 -> 20000 | D12: ='بيانات الإدخال'!$B$4 -> 12000 | E12: =C12+D12 -> 32000 | F12: =B12-E12 -> 43000
B16: عدد الوحدات المباعة | C16: الإيرادات (جنيه) | D16: التكاليف المتغيرة (جنيه) | E16: التكاليف الثابتة (جنيه) | F16: إجمالي التكاليف (جنيه) | G16: الربح/الخسارة (جنيه)
A17: احسب الربح أو الخسارة عند مستوى انتاج معين | C17: ='بيانات الإدخال'!$B$2*B17 -> 0 | D17: =B17*'بيانات الإدخال'!$B$3 -> 0 | E17: ='بيانات الإدخال'!$B$4 -> 12000 | F17: =D17+E17 -> 12000 | G17: =C17-F17 -> -12000
